# QuadMeshTesser OBJ export
v -0.520000 -4.770000 -0.640545
v -1.156773 -4.700582 -0.000000
v -0.520000 -4.770000 0.640545
v 0.116773 -4.839418 0.000000
v -0.610000 -6.270000 -0.406323
v -1.015593 -6.245664 -0.000000
v -0.610000 -6.270000 0.406323
v -0.204407 -6.294336 0.000000
v -1.002635 -7.462247 -0.828731
v -1.347519 -7.492579 -0.473051
v -1.017365 -7.707753 -0.171269
v -0.672481 -7.677421 -0.526949
v -1.403796 -8.796603 -1.276896
v -1.694298 -8.822153 -0.977300
v -1.416204 -9.003397 -0.723104
v -1.125702 -8.977847 -1.022700
v -0.573530 -10.647766 -2.614027
v -1.260198 -11.147479 -2.133952
v -0.646470 -11.272234 -1.385973
v 0.040198 -10.772521 -1.866048
v -0.767773 -13.945084 -3.331838
v -1.028085 -14.071199 -2.806812
v -0.572227 -14.434916 -2.668162
v -0.311915 -14.308801 -3.193188
v -1.640169 -15.482061 -3.375647
v -1.795574 -15.392619 -2.803659
v -1.299831 -15.677939 -2.624353
v -1.144426 -15.767381 -3.196341
v -2.512081 -16.193904 -3.367992
v -2.617701 -16.069080 -2.795521
v -2.247919 -16.506096 -2.632008
v -2.142299 -16.630920 -3.204479
v 0.654867 -14.919554 -3.609407
v 0.013299 -15.181105 -3.009422
v 0.665133 -15.360446 -2.390593
v 1.306701 -15.098895 -2.990578
v 1.247618 -17.618218 -3.530629
v 0.723313 -17.740838 -3.007823
v 1.232382 -17.621782 -2.469371
v 1.756687 -17.499162 -2.992177
v 2.783143 -17.048695 -5.371582
v 2.240528 -18.404184 -5.591540
v 3.216857 -18.951305 -4.628418
v 3.759472 -17.595816 -4.408460
v -1.576290 2.917497 -0.450695
v -2.116289 2.440378 -0.874918
v -1.623710 2.482503 -1.549305
v -1.083711 2.959622 -1.125082
v -2.883017 2.638047 -0.785353
v -2.688470 2.087622 -0.630853
v -2.636983 1.941953 -1.214647
v -2.831530 2.492378 -1.369147
v -3.882893 1.786187 -0.792162
v -3.479398 1.346939 -0.611393
v -3.357107 1.213813 -1.207838
v -3.760602 1.653061 -1.388607
v -4.628709 0.537910 -0.814294
v -4.161370 0.253443 -0.638598
v -4.011291 0.162090 -1.185706
v -4.478630 0.446557 -1.361402
v -4.135554 -0.791759 -0.901277
v -3.713193 -0.562980 -0.618381
v -3.464446 -0.428241 -1.098723
v -3.886807 -0.657020 -1.381619
v -4.835311 -1.937649 -1.929703
v -4.470856 -2.284195 -1.667752
v -4.084689 -2.182351 -2.070297
v -4.449144 -1.835805 -2.332248
v -5.652315 -2.410948 -1.836595
v -5.428928 -2.801876 -1.713155
v -5.367685 -2.909052 -2.163405
v -5.591072 -2.518124 -2.286845
v -6.792922 -3.757523 -2.834729
v -6.401474 -4.165657 -2.696772
v -6.087078 -4.022477 -3.165271
v -6.478526 -3.614343 -3.303228
v -7.005924 -5.015736 -1.804860
v -6.595521 -5.172560 -1.839498
v -6.714076 -5.404264 -2.195140
v -7.124479 -5.247440 -2.160502
v -7.550532 -6.435852 -1.606798
v -6.927261 -6.645195 -1.735713
v -7.049468 -6.604148 -2.393202
v -7.672739 -6.394805 -2.264287
v -8.415229 -6.614542 -1.697525
v -8.190097 -7.191802 -1.682867
v -8.184771 -7.205458 -2.302475
v -8.409903 -6.628198 -2.317133
v -9.001153 -6.248512 -1.844374
v -9.193583 -6.607131 -1.748641
v -9.238847 -6.691488 -2.155626
v -9.046417 -6.332869 -2.251359
v 0.973313 3.463851 -1.641419
v 0.544897 3.348480 -2.032394
v 0.926687 3.036149 -2.358581
v 1.355103 3.151520 -1.967606
v 1.559353 4.307817 -2.826497
v 1.302518 4.219468 -3.053208
v 1.500647 3.952183 -3.173503
v 1.757482 4.040532 -2.946792
v 2.165230 5.827149 -2.677433
v 1.932510 5.924696 -3.070230
v 2.294770 5.772851 -3.322567
v 2.527490 5.675304 -2.929770
v 2.143061 6.517392 -2.805798
v 1.996097 6.509228 -3.047012
v 2.236939 6.522608 -3.194202
v 2.383903 6.530772 -2.952988
v 0.033143 3.612291 -1.638990
v -0.408801 3.412649 -1.980591
v -0.013143 3.187709 -2.361010
v 0.428801 3.387351 -2.019409
v -0.316986 4.586826 -1.507858
v -0.811825 4.440052 -1.975994
v -0.363014 4.573174 -2.492142
v 0.131825 4.719948 -2.024006
v -0.950518 5.685896 -2.667650
v -1.325719 5.086710 -2.901719
v -0.749482 4.894104 -3.332350
v -0.374281 5.493290 -3.098281
v -2.596585 6.173483 -3.667257
v -2.777387 5.491564 -3.721724
v -2.423415 5.446517 -4.332743
v -2.242613 6.128436 -4.278276
v -4.622444 6.587559 -5.914346
v -4.658137 6.151175 -5.781578
v -4.337556 6.032441 -6.085654
v -4.301863 6.468825 -6.218422
v -5.651501 5.896375 -5.965140
v -5.409131 5.572077 -5.629999
v -5.208499 5.303625 -6.034860
v -5.450869 5.627923 -6.370001
v -6.764331 4.890880 -5.948832
v -6.301022 4.496851 -5.442962
v -5.915669 4.169120 -6.051168
v -6.378978 4.563149 -6.557038
v -7.387906 3.399527 -5.962978
v -6.987088 3.193045 -5.586146
v -6.652094 3.020473 -6.037022
v -7.052912 3.226955 -6.413854
v -3.669594 7.530319 -6.351396
v -3.917374 6.938141 -6.578009
v -3.283415 6.711021 -6.677681
v -3.035635 7.303199 -6.451067
v -3.699146 8.127454 -7.863360
v -3.950837 7.525931 -8.093549
v -3.306872 7.295226 -8.194794
v -3.055181 7.896749 -7.964604
v -3.718091 8.510259 -8.832632
v -3.972288 7.902744 -9.065115
v -3.321909 7.669741 -9.167368
v -3.067712 8.277256 -8.934885
v -4.254018 8.766529 -8.639579
v -4.903449 8.815110 -9.102875
v -4.665982 9.533471 -9.360421
v -4.016551 9.484890 -8.897125
v -4.721898 10.620039 -8.614549
v -5.022632 10.583464 -9.082501
v -4.558102 10.639961 -9.385451
v -4.257368 10.676536 -8.917499
v -4.524255 11.677729 -9.757744
v -4.902815 11.207428 -10.132614
v -4.315745 10.822271 -10.242256
v -3.937185 11.292572 -9.867386
v -4.341145 12.325116 -10.792890
v -4.601554 12.012802 -11.084407
v -4.178855 11.774884 -11.207110
v -3.918446 12.087198 -10.915593
v -4.523270 13.337803 -10.617206
v -4.809562 13.300365 -11.094064
v -4.336730 13.362197 -11.382794
v -4.050438 13.399635 -10.905936
v -6.057638 14.325417 -10.535001
v -6.233060 14.083620 -11.166270
v -5.862362 14.594583 -11.464999
v -5.686940 14.836380 -10.833730
v -7.025970 15.097882 -10.526899
v -7.216013 14.860945 -11.169366
v -6.814030 15.362118 -11.473101
v -6.623987 15.599055 -10.830634
v -7.280380 16.283249 -10.731311
v -7.422291 16.251713 -11.123317
v -7.039620 16.336751 -11.268689
v -6.897709 16.368287 -10.876683
v -7.549275 17.194995 -10.729761
v -7.689303 17.153900 -11.124305
v -7.310725 17.265005 -11.270239
v -7.170697 17.306100 -10.875695
v -8.951333 17.645060 -9.610777
v -9.333588 17.873257 -10.384175
v -8.868667 18.634940 -10.389223
v -8.486412 18.406743 -9.615825
v -9.755121 18.349125 -9.679687
v -9.780461 18.308812 -10.272697
v -9.464879 18.810875 -10.320313
v -9.439539 18.851188 -9.727303
v -2.720936 10.246192 -11.880732
v -2.857315 9.838368 -12.238529
v -2.379064 9.573808 -12.119268
v -2.242685 9.981632 -11.761471
v -2.040340 10.766420 -12.921962
v -2.148780 10.456301 -13.176350
v -1.799660 10.253580 -13.078038
v -1.691220 10.563699 -12.823650
v -2.035089 11.379476 -12.716967
v -2.090637 11.386750 -13.227011
v -1.584911 11.320524 -13.283033
v -1.529363 11.313250 -12.772989
v -1.885618 12.146928 -11.800171
v -1.969787 12.477814 -12.115181
v -1.514382 12.513072 -12.199829
v -1.430213 12.182186 -11.884819
v -1.674141 13.452276 -11.633794
v -1.891909 13.485931 -12.145852
v -1.385859 13.407724 -12.366206
v -1.168091 13.374069 -11.854148
v -2.228895 14.649233 -11.678656
v -2.384402 14.581199 -12.151606
v -1.951105 14.770767 -12.321344
v -1.795598 14.838801 -11.848394
v -2.595165 15.995449 -11.602582
v -2.796392 15.947034 -12.190449
v -2.224835 16.084551 -12.397418
v -2.023608 16.132966 -11.809551
v -2.207118 17.958801 -12.706885
v -2.366328 17.700311 -13.210002
v -1.812882 17.521199 -13.293115
v -1.653672 17.779689 -12.789998
v -1.783591 19.021143 -12.511546
v -1.922926 19.085922 -13.334797
v -1.176409 18.738857 -13.488454
v -1.037074 18.674078 -12.665203
v -1.593001 20.579764 -13.643963
v -1.874781 20.251242 -14.131591
v -1.286999 20.080236 -14.356037
v -1.005219 20.408758 -13.868409
v -1.438159 21.766864 -13.679786
v -1.659434 21.782338 -14.098399
v -1.241841 21.753136 -14.320214
v -1.020566 21.737662 -13.901601
v -2.108641 22.457709 -12.750676
v -2.369006 22.726465 -13.196564
v -1.911359 23.082291 -13.249324
v -1.650994 22.813535 -12.803436
v 2.586458 1.787894 -1.599718
v 2.084500 1.594754 -2.357339
v 2.473542 0.752106 -2.400282
v 2.975500 0.945246 -1.642661
v 4.060644 1.768649 -1.706782
v 4.057498 1.790121 -2.271516
v 4.139356 1.231351 -2.293218
v 4.142502 1.209879 -1.728484
v 5.855554 2.548465 -2.740075
v 5.607163 2.525064 -3.186028
v 5.784446 2.051535 -3.259925
v 6.032837 2.074936 -2.813972
v 6.781553 3.203985 -3.255974
v 6.589424 3.191709 -3.648180
v 6.808447 2.826015 -3.744026
v 7.000576 2.838291 -3.351820
v 7.758833 3.886938 -3.797355
v 7.599284 3.876744 -4.123052
v 7.781167 3.573062 -4.202645
v 7.940716 3.583256 -3.876948
v 8.498774 5.947807 -2.751660
v 8.478606 6.360487 -3.194531
v 9.081226 6.332193 -3.248340
v 9.101394 5.919513 -2.805469
v 8.872294 7.124495 -2.637764
v 8.712128 7.170995 -3.195457
v 9.247706 7.015505 -3.362236
v 9.407872 6.969005 -2.804543
v 9.354113 5.366277 -3.699775
v 9.353856 5.377069 -4.289430
v 9.367891 4.787581 -4.300225
v 9.368148 4.776789 -3.710570
v 9.997057 5.399883 -3.680800
v 9.996784 5.411357 -4.307723
v 10.011706 4.784612 -4.319200
v 10.011979 4.773138 -3.692277
v 12.610362 4.574350 -3.663163
v 12.600259 4.552265 -4.361123
v 12.309916 3.917561 -4.336837
v 12.320019 3.939646 -3.638877
v 11.139007 3.548252 -4.974134
v 10.834799 3.682369 -5.263432
v 10.521271 3.483659 -5.025866
v 10.825479 3.349542 -4.736568
v 11.504768 2.100816 -4.945906
v 11.173236 2.036290 -5.391846
v 10.735510 1.951095 -5.054094
v 11.067042 2.015621 -4.608154
v 11.565311 0.699761 -5.936002
v 11.171390 1.065883 -6.381558
v 10.594967 0.832150 -6.063998
v 10.988888 0.466029 -5.618442
v 12.165889 0.305945 -6.800784
v 11.750885 0.578183 -7.243607
v 11.354389 0.045966 -7.199216
v 11.769393 -0.226272 -6.756393
v -1.909661 -4.220352 0.234217
v -2.606286 -3.719063 0.942805
v -1.870339 -3.859648 1.765783
v -1.173714 -4.360937 1.057195
v -2.928114 -5.405461 0.457799
v -3.383696 -5.041676 0.959196
v -2.991886 -5.354539 1.542201
v -2.536304 -5.718324 1.040804
v -3.140115 -6.980584 -0.359326
v -3.700440 -7.006680 -0.117022
v -3.479885 -7.319416 0.359326
v -2.919560 -7.293320 0.117022
v -3.817173 -8.939973 -0.425397
v -4.330976 -8.757940 -0.119699
v -4.042827 -8.860027 0.425397
v -3.529024 -9.042060 0.119699
v -5.251457 -10.198437 -0.573272
v -5.727741 -9.602047 -0.189963
v -5.488543 -9.901563 0.573272
v -5.012259 -10.497953 0.189963
v -5.560571 -11.742093 -1.314180
v -6.163554 -11.630944 -1.223705
v -6.139429 -11.937907 -0.685820
v -5.536446 -12.049056 -0.776295
v -4.921894 -12.815921 -2.189738
v -5.576491 -12.989131 -2.354242
v -5.598106 -13.424079 -1.810262
v -4.943509 -13.250869 -1.645758
v -4.517247 -14.252572 -2.230801
v -5.037513 -14.437182 -2.321248
v -5.122753 -14.467428 -1.769199
v -4.602487 -14.282818 -1.678752
v -5.163931 -16.093933 -1.120454
v -5.581077 -16.015247 -1.238863
v -5.636069 -15.766067 -0.879546
v -5.218923 -15.844753 -0.761137
v -4.982203 -17.926555 -1.260875
v -5.580669 -17.950375 -1.338064
v -5.657797 -17.953445 -0.739125
v -5.059331 -17.929625 -0.661936
v -4.780604 -19.954570 -1.201098
v -5.239248 -20.017214 -1.261804
v -5.299396 -20.025430 -0.798902
v -4.840752 -19.962786 -0.738196
v -3.987283 -20.248535 -1.160705
v -4.244052 -20.666973 -1.330232
v -4.332717 -20.811465 -0.839295
v -4.075948 -20.393027 -0.669768
v -3.770500 -21.998838 -2.142981
v -4.364109 -21.844112 -2.359063
v -4.629500 -22.161162 -1.857019
v -4.035891 -22.315888 -1.640937
v 0.303015 -12.578842 -1.314712
v 0.636985 -12.181158 -2.685288
v -3.088253 5.792976 -5.529856
v -3.811747 7.267024 -4.470144
v -4.674179 7.716119 -10.605327
v -2.905821 9.423881 -9.394673
v 8.358474 5.587303 -4.941019
v 8.941526 4.532697 -3.058981
v 10.691190 5.646533 -4.597003
v 10.469088 4.565378 -3.402997
v 0.113489 -11.742879 -2.480162
v -0.349824 -12.095258 -2.101929
v -0.048771 -11.866288 -1.519838
v 0.414542 -11.513909 -1.898071
v 0.513309 -12.912942 -2.647519
v 0.090339 -13.085377 -2.251964
v 0.520077 -13.203612 -1.843986
v 0.943046 -13.031177 -2.239541
v -0.448628 -13.456241 -3.040898
v -0.697316 -13.576725 -2.539318
v -0.261815 -13.924199 -2.406859
v -0.013127 -13.803715 -2.908439
v -3.055386 6.519622 -4.169219
v -3.356050 5.918280 -4.319561
v -2.898203 5.815468 -4.823962
v -2.597540 6.416810 -4.673619
v -4.176379 6.749029 -5.433140
v -4.219743 6.218855 -5.271837
v -3.830261 6.074601 -5.641267
v -3.786897 6.604775 -5.802571
v -3.656136 7.258370 -5.662813
v -3.902135 6.670449 -5.887798
v -3.272732 6.444961 -5.986753
v -3.026733 7.032882 -5.761768
v -3.938618 8.884781 -9.372689
v -4.239145 8.130846 -9.653436
v -3.460696 7.933999 -9.958104
v -3.160170 8.687935 -9.677357
v -3.885776 9.291408 -10.093251
v -4.101742 8.645586 -10.659850
v -3.344394 8.226634 -10.470992
v -3.128428 8.872457 -9.904392
v -3.794589 8.345389 -9.249042
v -4.518169 8.399517 -9.765235
v -4.253588 9.199898 -10.052187
v -3.530008 9.145770 -9.535994
v 8.038648 4.481600 -3.653889
v 7.909031 4.567362 -4.190689
v 8.356708 4.271155 -4.346111
v 8.486326 4.185393 -3.809311
v 8.402009 5.443889 -3.167920
v 8.379459 5.905293 -3.663079
v 9.053229 5.873658 -3.723241
v 9.075778 5.412253 -3.228081
v 8.876361 5.412925 -3.639604
v 8.876052 5.425880 -4.347437
v 8.892901 4.718248 -4.360396
v 8.893209 4.705293 -3.652563
v 10.314170 5.388649 -3.700279
v 10.313914 5.399423 -4.288944
v 10.327926 4.810925 -4.299721
v 10.328182 4.800151 -3.711056
v 10.939525 5.268582 -3.722612
v 10.931205 5.250395 -4.297388
v 10.692105 4.727711 -4.277388
v 10.700425 4.745898 -3.702612
v 11.038735 4.501362 -4.373817
v 10.686477 4.656663 -4.708810
v 10.323427 4.426566 -4.433719
v 10.675685 4.271266 -4.098727
v 0.081252 -2.412883 -1.435048
v 0.056585 -1.680355 -2.249705
v 0.469062 -1.708292 -2.179378
v 0.821557 -1.815534 -1.979103
v 1.060405 -1.985755 -1.679370
v 1.149245 -2.193041 -1.325812
v 1.074551 -2.405833 -0.972253
v 0.847695 -2.591737 -0.672520
v 0.503213 -2.722449 -0.472245
v 0.093550 -2.778071 -0.401918
v -0.318927 -2.750134 -0.472245
v -0.671422 -2.642892 -0.672520
v -0.910270 -2.472671 -0.972253
v -0.999110 -2.265385 -1.325812
v -0.924416 -2.052593 -1.679370
v -0.697560 -1.866689 -1.979103
v -0.353078 -1.735977 -2.179378
v 0.023303 -0.692008 -2.721865
v 0.785461 -0.743629 -2.591917
v 1.436786 -0.941787 -2.221858
v 1.878121 -1.256314 -1.668024
v 2.042276 -1.639328 -1.014732
v 1.904259 -2.032517 -0.361441
v 1.485083 -2.376022 0.192393
v 0.848564 -2.617547 0.562453
v 0.091605 -2.720323 0.692400
v -0.670553 -2.668703 0.562453
v -1.321878 -2.470545 0.192393
v -1.763213 -2.156017 -0.361441
v -1.927368 -1.773003 -1.014732
v -1.789351 -1.379814 -1.668024
v -1.370175 -1.036309 -2.221858
v -0.733656 -0.794784 -2.591917
v -0.013527 0.401690 -2.779646
v 0.982281 0.334245 -2.609861
v 1.833278 0.075339 -2.126354
v 2.409910 -0.335611 -1.402736
v 2.624388 -0.836043 -0.549169
v 2.444061 -1.349769 0.304397
v 1.896382 -1.798580 1.028016
v 1.064729 -2.114148 1.511522
v 0.075715 -2.248431 1.681307
v -0.920093 -2.180985 1.511522
v -1.771091 -1.922080 1.028016
v -2.347722 -1.511129 0.304397
v -2.562200 -1.010698 -0.549169
v -2.381873 -0.496972 -1.402736
v -1.834194 -0.048161 -2.126354
v -1.002541 0.267407 -2.609861
v -0.048297 1.434235 -2.414250
v 1.029557 1.361233 -2.230477
v 1.950670 1.080995 -1.707133
v 2.574812 0.636186 -0.923894
v 2.806962 0.094523 -0.000000
v 2.611777 -0.461530 0.923894
v 2.018973 -0.947320 1.707133
v 1.118798 -1.288888 2.230477
v 0.048297 -1.434235 2.414250
v -1.029557 -1.361233 2.230477
v -1.950670 -1.080995 1.707133
v -2.574812 -0.636186 0.923894
v -2.806962 -0.094523 0.000000
v -2.611777 0.461530 -0.923894
v -2.018973 0.947320 -1.707133
v -1.118798 1.288888 -2.230477
v -0.075715 2.248431 -1.681307
v 0.920093 2.180985 -1.511522
v 1.771091 1.922080 -1.028016
v 2.347722 1.511129 -0.304397
v 2.562200 1.010698 0.549169
v 2.381873 0.496972 1.402736
v 1.834194 0.048161 2.126354
v 1.002541 -0.267407 2.609861
v 0.013527 -0.401690 2.779646
v -0.982281 -0.334245 2.609861
v -1.833278 -0.075339 2.126354
v -2.409910 0.335611 1.402736
v -2.624388 0.836043 0.549169
v -2.444061 1.349769 -0.304397
v -1.896382 1.798580 -1.028016
v -1.064729 2.114148 -1.511522
v -0.091605 2.720323 -0.692400
v 0.670553 2.668703 -0.562453
v 1.321878 2.470545 -0.192393
v 1.763213 2.156017 0.361441
v 1.927368 1.773003 1.014732
v 1.789351 1.379814 1.668024
v 1.370175 1.036309 2.221858
v 0.733656 0.794784 2.591917
v -0.023303 0.692008 2.721865
v -0.785461 0.743629 2.591917
v -1.436786 0.941787 2.221858
v -1.878121 1.256314 1.668024
v -2.042276 1.639328 1.014732
v -1.904259 2.032517 0.361441
v -1.485083 2.376022 -0.192393
v -0.848564 2.617547 -0.562453
v -0.093550 2.778071 0.401918
v 0.318927 2.750134 0.472245
v 0.671422 2.642892 0.672520
v 0.910270 2.472671 0.972253
v 0.999110 2.265385 1.325812
v 0.924416 2.052593 1.679370
v 0.697560 1.866689 1.979103
v 0.353078 1.735977 2.179378
v -0.056585 1.680355 2.249705
v -0.469062 1.708292 2.179378
v -0.821557 1.815534 1.979103
v -1.060405 1.985755 1.679370
v -1.149245 2.193041 1.325812
v -1.074551 2.405833 0.972253
v -0.847695 2.591737 0.672520
v -0.503213 2.722449 0.472245
v -0.081252 2.412883 1.435048
v -0.861280 -6.219962 -0.273767
v -0.955887 -5.484843 -0.000000
v -0.792232 -4.672375 -0.259962
v -0.565000 -5.520000 -0.392576
v -0.862201 -6.235306 0.152135
v -0.565000 -5.520000 0.392576
v -0.766574 -4.670512 0.344028
v -0.436220 -6.273788 0.148767
v -0.174113 -5.555157 0.000000
v -0.190538 -4.732452 0.283755
v -0.435299 -6.258444 -0.277135
v -0.216197 -4.734315 -0.320235
v -1.176538 -7.491461 -0.654451
v -1.088667 -6.883716 -0.239894
v -0.807238 -6.881468 -0.525645
v -1.182837 -7.596450 -0.322500
v -0.812762 -6.973532 0.025645
v -0.843462 -7.678539 -0.345549
v -0.531333 -6.971284 -0.260106
v -0.837163 -7.573550 -0.677500
v -1.423278 -8.903913 -1.223434
v -1.443181 -8.178650 -0.731382
v -1.204912 -8.157694 -0.977110
v -1.433410 -9.035834 -0.897917
v -1.215088 -8.327306 -0.522890
v -1.096722 -9.082337 -0.901566
v -0.976819 -8.306350 -0.768618
v -1.086590 -8.950416 -1.227083
v -0.896050 -10.764272 -2.207760
v -1.360436 -9.971112 -1.541720
v -0.993997 -9.774138 -1.834096
v -0.934319 -11.019086 -1.652608
v -1.026003 -10.085862 -1.165904
v -0.363361 -10.851873 -1.542240
v -0.659564 -9.888888 -1.458280
v -0.325091 -10.597060 -2.097392
v -1.721256 -15.345459 -3.086125
v -1.326372 -14.770182 -2.853927
v -0.959802 -14.125334 -3.036964
v -1.170478 -14.756429 -3.265307
v -1.564898 -15.469040 -2.716911
v -0.969522 -15.013571 -2.734693
v -0.853526 -14.350511 -2.701502
v -1.246244 -15.659541 -2.913875
v -0.813628 -14.999818 -3.146073
v -0.501503 -14.477221 -2.894006
v -1.402602 -15.535960 -3.283089
v -0.607780 -14.252044 -3.229468
v -2.119709 -16.408150 -2.937696
v -2.308969 -16.209153 -2.785354
v -2.412791 -16.099350 -3.062304
v -2.223531 -16.298347 -3.214646
v -2.136228 -15.789387 -2.849693
v -2.038344 -15.869737 -3.278864
v -1.811656 -16.060263 -2.721136
v -1.713772 -16.140613 -3.150307
v 1.094839 -17.356742 -3.550792
v 0.513730 -16.440729 -3.006467
v 0.411474 -15.122583 -3.196932
v 0.950932 -16.296665 -3.427514
v 1.116874 -17.504547 -3.030196
v 0.949068 -16.463335 -2.572486
v 0.414794 -15.306307 -2.623327
v 1.680161 -17.358258 -2.949208
v 1.386270 -16.319271 -2.993533
v 1.017700 -15.256986 -2.614506
v 1.658126 -17.210453 -3.469804
v 1.014379 -15.073262 -3.188111
v 3.116919 -18.116035 -4.415371
v 2.577664 -18.383754 -4.786062
v 2.443081 -17.788965 -5.084629
v 2.982336 -17.521246 -4.713938
v 1.641441 -18.006883 -4.224761
v 2.041535 -17.452592 -4.338329
v 2.198465 -18.167408 -3.661671
v 2.598559 -17.613117 -3.775239
v -2.780237 2.302813 -0.701650
v -2.346784 2.321750 -0.814664
v -1.944276 2.565470 -0.661893
v -2.217240 2.707079 -0.713518
v -2.658076 1.978818 -0.957278
v -2.142760 2.282921 -1.286482
v -1.920410 2.342474 -1.183148
v -2.664763 2.182187 -1.298350
v -2.013216 2.668250 -1.185336
v -1.476646 2.613674 -1.294006
v -2.786924 2.506182 -1.042722
v -1.500512 2.836669 -0.772751
v -3.658457 1.519736 -0.705652
v -3.110450 1.761710 -0.715842
v -3.334716 2.132838 -0.841568
v -3.407321 1.238101 -0.911574
v -3.045284 1.657162 -1.158432
v -3.541543 1.390264 -1.294348
v -3.269550 2.028290 -1.284158
v -3.792679 1.671899 -1.088426
v -4.246970 0.407906 -0.727535
v -3.857788 0.831393 -0.718746
v -4.184351 1.102786 -0.852421
v -3.940632 0.253920 -0.905135
v -3.755649 0.747214 -1.147579
v -4.088030 0.339594 -1.272465
v -4.082212 1.018607 -1.281254
v -4.394368 0.493580 -1.094865
v -4.074296 -0.722433 -0.885518
v -3.967961 -0.148576 -0.721367
v -4.301599 -0.127693 -0.893339
v -3.737127 -0.624896 -0.991561
v -3.818401 -0.132307 -1.106661
v -3.820704 -0.620067 -1.364482
v -4.152039 -0.111424 -1.278633
v -4.157873 -0.717604 -1.258439
v -4.672937 -1.993664 -1.665884
v -4.101519 -1.401441 -1.232300
v -4.396575 -1.357278 -1.436617
v -4.331720 -2.093839 -1.751372
v -3.863425 -1.312722 -1.563383
v -4.344563 -1.913836 -2.084116
v -4.158481 -1.268559 -1.767700
v -4.685780 -1.813661 -1.998628
v -5.561751 -2.713873 -1.901716
v -4.958669 -2.497277 -1.767840
v -5.179110 -2.220724 -1.912362
v -5.363986 -2.932515 -2.053716
v -4.790890 -2.499276 -2.087638
v -5.428249 -2.763627 -2.348284
v -5.011331 -2.222723 -2.232160
v -5.626014 -2.544985 -2.196284
v -6.490566 -3.933762 -2.523945
v -5.930151 -3.431575 -2.278722
v -6.160714 -3.131927 -2.376746
v -6.189845 -4.088534 -2.692716
v -5.789286 -3.418073 -2.623254
v -6.261934 -3.868738 -2.976055
v -6.019849 -3.118425 -2.721278
v -6.562655 -3.713966 -2.807284
v -6.830054 -5.133375 -1.921260
v -6.536373 -4.639331 -2.326101
v -6.837067 -4.427472 -2.364846
v -6.645179 -5.306151 -2.137424
v -6.462933 -4.672528 -2.635154
v -6.894946 -5.284125 -2.328740
v -6.763627 -4.460669 -2.673899
v -7.079821 -5.111349 -2.112576
v -7.317096 -6.405057 -1.692489
v -6.841043 -5.897908 -1.840704
v -7.228671 -5.760596 -1.779372
v -7.096552 -6.529384 -2.049592
v -6.931329 -5.969404 -2.220628
v -7.422904 -6.404943 -2.307511
v -7.318957 -5.832092 -2.159296
v -7.643448 -6.280616 -1.950408
v -8.269030 -6.798422 -1.701117
v -7.619009 -6.867624 -1.781968
v -7.937160 -6.572647 -1.739121
v -8.166148 -7.058220 -1.996577
v -7.662840 -6.857353 -2.260879
v -8.285970 -6.814078 -2.298883
v -7.980991 -6.562376 -2.218032
v -8.388852 -6.554280 -2.003423
v -9.031312 -6.552215 -2.165908
v -9.063564 -6.673147 -1.969167
v -9.003688 -6.497785 -1.834092
v -8.971436 -6.376853 -2.030833
v -8.696380 -6.847100 -1.786815
v -8.708643 -6.496145 -1.828212
v -8.711357 -6.883855 -2.171788
v -8.723620 -6.532900 -2.213185
v 1.424198 4.357993 -2.793731
v 1.002781 3.760481 -2.532101
v 0.784380 3.424393 -1.823590
v 1.259750 3.836875 -2.300468
v 1.407366 4.194505 -3.009002
v 1.220250 3.543125 -2.699532
v 0.716584 3.215511 -2.184142
v 1.665802 4.099507 -2.956269
v 1.477219 3.619519 -2.467899
v 1.112078 3.096759 -2.204390
v 1.682634 4.262995 -2.740998
v 1.179873 3.305641 -1.843838
v 1.974217 5.754061 -2.888656
v 1.683136 5.045312 -3.046289
v 1.866719 5.041862 -2.813974
v 2.024993 5.711798 -3.176544
v 1.893281 4.888138 -3.186026
v 2.300783 5.608439 -3.111344
v 2.076864 4.884688 -2.953711
v 2.250007 5.650702 -2.823456
v 2.292904 6.424691 -3.061768
v 2.134529 6.433545 -3.099929
v 2.097096 6.435309 -2.938232
v 2.255471 6.426455 -2.900071
v 2.025728 6.202721 -3.043966
v 2.168109 6.169203 -2.806212
v 2.251891 6.150797 -3.193788
v 2.394272 6.117279 -2.956034
v -0.589047 4.497426 -1.880754
v -0.498985 3.942263 -1.983719
v -0.331003 3.494263 -1.704707
v -0.147691 4.072169 -1.680068
v -0.596636 4.416283 -2.336531
v -0.182309 3.907831 -2.319932
v -0.302934 3.311122 -2.106911
v -0.130953 4.545074 -2.369246
v 0.168985 4.037737 -2.016281
v 0.130965 3.357015 -2.073273
v -0.123364 4.626217 -1.913469
v 0.102896 3.540156 -1.671070
v -1.260013 5.332973 -2.768065
v -0.950329 4.806286 -2.454143
v -0.624064 5.086021 -2.190815
v -1.176678 4.989762 -3.120439
v -0.565936 4.783979 -2.809185
v -0.727487 5.199527 -3.231935
v -0.239671 5.063714 -2.545857
v -0.810822 5.542738 -2.879561
v -2.558219 5.825049 -3.649502
v -1.958665 5.354353 -3.358791
v -1.750164 5.834767 -3.250590
v -2.470892 5.458940 -3.981525
v -1.609836 5.265233 -3.749410
v -2.163480 5.754337 -4.224645
v -1.401335 5.745647 -3.641209
v -2.250807 6.120446 -3.892623
v -5.544358 5.683573 -5.791160
v -5.013975 5.884970 -5.779341
v -4.696265 6.304297 -5.779729
v -5.091479 6.170225 -5.954807
v -5.307385 5.381488 -5.834407
v -4.818521 5.739775 -6.045193
v -4.540112 6.016928 -5.861335
v -5.305642 5.426427 -6.208840
v -4.896025 6.025030 -6.220659
v -4.382065 6.163657 -6.104572
v -5.542615 5.728512 -6.165593
v -4.538218 6.451025 -6.022966
v -6.489234 4.649213 -5.718439
v -5.862558 5.042098 -5.652360
v -6.127187 5.311470 -5.967740
v -6.097310 4.317815 -5.765800
v -5.642813 4.818530 -6.032260
v -6.133266 4.348287 -6.281561
v -5.907442 5.087902 -6.347640
v -6.525190 4.679685 -6.234200
v -6.806230 3.300588 -6.178912
v -6.780788 3.285848 -5.850623
v -7.063770 3.449412 -5.821088
v -7.089212 3.464152 -6.149377
v -6.653041 3.851211 -5.635915
v -6.977089 4.076403 -5.966929
v -6.382911 3.663597 -6.033071
v -6.706959 3.888789 -6.364085
v -3.823578 7.800111 -7.910538
v -3.823018 7.278028 -7.319786
v -3.795629 7.274560 -6.567747
v -3.635717 7.725666 -7.148485
v -3.627577 7.384287 -8.076139
v -3.343797 7.106344 -7.395130
v -3.602332 6.864471 -6.731065
v -3.180062 7.569567 -8.011712
v -3.156495 7.553982 -7.223829
v -3.160988 7.047196 -6.667525
v -3.376062 7.985391 -7.846110
v -3.354285 7.457285 -6.504208
v -3.873126 8.196689 -8.898095
v -3.849048 7.760920 -8.563134
v -3.659340 8.214310 -8.389632
v -3.670171 7.770057 -9.080924
v -3.363669 7.587030 -8.639445
v -3.207540 7.968493 -9.025523
v -3.173961 8.040419 -8.465943
v -3.410496 8.395126 -8.842695
v -4.815732 10.480488 -8.988444
v -4.859781 9.746965 -9.069516
v -4.562631 8.964890 -8.947878
v -4.503469 9.742463 -8.720298
v -4.767025 10.482427 -9.352868
v -4.596531 10.037537 -9.279702
v -4.735567 9.307145 -9.316572
v -4.364268 10.564512 -9.261556
v -4.240219 10.033035 -8.930484
v -4.293391 9.610771 -9.214775
v -4.412975 10.562573 -8.897132
v -4.120455 9.268515 -8.846082
v -4.703103 11.428273 -9.932281
v -4.854543 10.906584 -9.580668
v -4.599807 11.096663 -9.264610
v -4.604531 11.074331 -10.188043
v -4.460193 10.783337 -9.735390
v -4.151897 11.116727 -10.067719
v -4.205457 10.973416 -9.419332
v -4.250469 11.470669 -9.811957
v -4.526006 12.221927 -10.804088
v -4.649139 11.620086 -10.581383
v -4.409525 11.913567 -10.331488
v -4.440457 11.963648 -11.037552
v -4.270475 11.386433 -10.668512
v -4.076494 12.003073 -10.945912
v -4.030861 11.679914 -10.418617
v -4.162043 12.261352 -10.712448
v -4.826900 13.285998 -10.865387
v -4.615419 12.667437 -11.066927
v -4.410406 12.798595 -10.778786
v -4.734599 13.277579 -11.236496
v -4.279594 12.601405 -11.221214
v -4.373100 13.366502 -11.134613
v -4.074581 12.732563 -10.933073
v -4.465401 13.374921 -10.763504
v -6.082438 14.190701 -10.850948
v -5.439733 13.745244 -11.097625
v -5.266591 13.849958 -10.682078
v -5.984304 14.309678 -11.306684
v -5.123409 13.960042 -11.317922
v -5.695062 14.644299 -11.149052
v -4.950267 14.064756 -10.902375
v -5.793196 14.525322 -10.693316
v -7.027829 15.043560 -10.858343
v -6.653402 14.565462 -11.125863
v -6.516353 14.744987 -10.648213
v -6.921099 15.162815 -11.304880
v -6.363647 14.945013 -11.351787
v -6.632171 15.493940 -11.141657
v -6.226598 15.124538 -10.874137
v -6.738901 15.374685 -10.695120
v -7.356037 16.219843 -10.917381
v -7.249364 15.609747 -11.109756
v -7.124881 15.710424 -10.721829
v -7.237596 16.260797 -11.211815
v -6.955119 15.829576 -11.278171
v -6.971463 16.360157 -11.082619
v -6.830636 15.930253 -10.890244
v -7.089904 16.319203 -10.788185
v -7.776191 17.134166 -10.810873
v -7.490598 16.719605 -11.092858
v -7.384871 16.746842 -10.797902
v -7.666521 17.225631 -11.095792
v -7.205129 16.793158 -11.202098
v -7.386309 17.323334 -10.939127
v -7.099402 16.820395 -10.907142
v -7.495979 17.231869 -10.654208
v -9.030230 17.757296 -10.111010
v -8.426084 17.556434 -10.690680
v -8.230228 17.486271 -10.252702
v -8.966181 18.161736 -10.476746
v -8.109772 17.883729 -10.747298
v -8.594770 18.405204 -10.138990
v -7.913916 17.813566 -10.309320
v -8.658819 18.000764 -9.773254
v -9.394823 18.729500 -10.015196
v -9.554310 18.526664 -10.233653
v -9.650177 18.320500 -9.984804
v -9.490690 18.523336 -9.766347
v -9.482769 18.158276 -10.246327
v -9.329920 18.087819 -9.733924
v -9.190080 18.632181 -10.266076
v -9.037231 18.561724 -9.753673
v -2.177419 10.636695 -12.915820
v -2.436035 10.163001 -12.655580
v -2.852884 9.979192 -11.972936
v -2.344229 10.432230 -12.426010
v -2.037660 10.398671 -13.024636
v -2.125771 9.987770 -12.573990
v -2.675803 9.628447 -12.095751
v -1.792581 10.443305 -12.834180
v -2.033965 10.256999 -12.344420
v -2.355887 9.703063 -11.847594
v -1.932340 10.681329 -12.725364
v -2.532968 10.053808 -11.724779
v -2.049930 11.402801 -12.854846
v -2.056031 10.923644 -13.151260
v -1.994536 11.037211 -12.864598
v -1.842869 11.371526 -13.101854
v -1.735464 10.822789 -13.135402
v -1.570070 11.332199 -12.895154
v -1.673969 10.936356 -12.848740
v -1.777131 11.363474 -12.648146
v -1.926513 12.340805 -12.075984
v -1.961409 11.909212 -12.628322
v -1.909015 11.782401 -12.318927
v -1.741146 12.471641 -12.307010
v -1.600985 11.897599 -12.681073
v -1.458487 12.349195 -12.174016
v -1.548591 11.770788 -12.371678
v -1.643854 12.218359 -11.942990
v -1.866563 13.467776 -11.901468
v -1.851886 12.956405 -12.097888
v -1.738659 12.819701 -11.787737
v -1.717893 13.481549 -12.241269
v -1.491341 12.940299 -12.212263
v -1.375937 13.437224 -12.098532
v -1.378114 12.803595 -11.902112
v -1.524607 13.423451 -11.758731
v -2.289837 14.641455 -11.909641
v -2.056117 14.042674 -12.111547
v -1.916139 14.055566 -11.742169
v -2.144502 14.689815 -12.246102
v -1.703861 14.084434 -12.257831
v -1.830163 14.791045 -12.090359
v -1.563883 14.097326 -11.888453
v -1.975498 14.742685 -11.753898
v -2.596005 16.034028 -12.031583
v -2.505298 15.291837 -12.128271
v -2.371523 15.335506 -11.730464
v -2.415130 16.047686 -12.406455
v -2.128477 15.414494 -12.269536
v -2.043995 16.138472 -12.218417
v -1.994702 15.458163 -11.871729
v -2.224870 16.124814 -11.843545
v -2.283672 17.750264 -12.821293
v -2.488520 16.840254 -12.650169
v -2.353356 16.955344 -12.241050
v -2.074739 17.574089 -13.151864
v -2.066644 16.824656 -12.758950
v -1.703828 17.589736 -12.928707
v -1.931480 16.939746 -12.349831
v -1.912761 17.765911 -12.598136
v -1.892521 19.070782 -13.048156
v -2.044720 18.372337 -13.204300
v -1.932766 18.444979 -12.706912
v -1.621063 18.906354 -13.495640
v -1.557234 18.175021 -13.293088
v -1.189979 18.766718 -13.201844
v -1.445280 18.247663 -12.795700
v -1.461437 18.931146 -12.754360
v -1.725675 20.415144 -13.767366
v -1.789140 19.652686 -13.674895
v -1.631222 19.751590 -13.183316
v -1.560706 20.209320 -14.135477
v -1.288778 19.458410 -13.816684
v -1.139325 20.239856 -13.982634
v -1.130860 19.557314 -13.325105
v -1.304294 20.445680 -13.614523
v -1.658187 21.706900 -13.774494
v -1.672831 21.023842 -14.086246
v -1.484185 21.141235 -13.746406
v -1.553112 21.709567 -14.090325
v -1.295815 20.948765 -14.253594
v -1.214313 21.708100 -13.975506
v -1.107169 21.066158 -13.913754
v -1.319388 21.705433 -13.659675
v -1.757136 22.753120 -13.155351
v -2.021444 22.728703 -13.290503
v -2.095364 22.534380 -13.094649
v -1.831056 22.558797 -12.959497
v -1.929415 22.257051 -13.610611
v -1.748800 22.150465 -13.286423
v -1.601200 22.379535 -13.713577
v -1.420585 22.272949 -13.389389
v 4.052658 1.863050 -2.109559
v 3.131999 1.615578 -2.235821
v 2.516419 1.705492 -1.815816
v 3.321413 1.679953 -1.739938
v 4.070674 1.565768 -2.411999
v 3.308587 1.090047 -2.260062
v 2.454179 1.256607 -2.240350
v 4.184842 1.279450 -2.140441
v 3.498001 1.154422 -1.764179
v 2.843850 0.896408 -1.931899
v 4.166826 1.576732 -1.838001
v 2.906089 1.345292 -1.507365
v 5.641589 2.524727 -2.902442
v 4.864248 2.093194 -2.671579
v 4.958574 2.093918 -2.292571
v 5.621524 2.281174 -3.164541
v 4.961426 1.706082 -2.707429
v 5.812161 2.054023 -2.972558
v 5.055752 1.706806 -2.328421
v 5.832226 2.297576 -2.710459
v 6.690418 3.200711 -3.454464
v 6.150595 2.808165 -3.375328
v 6.315790 2.821544 -3.061018
v 6.697455 3.008297 -3.695306
v 6.299210 2.493456 -3.438982
v 6.899582 2.829289 -3.545536
v 6.464405 2.506835 -3.124672
v 6.892545 3.021703 -3.304694
v 7.591710 3.876671 -3.891948
v 7.141391 3.493795 -3.851712
v 7.273270 3.502221 -3.582498
v 7.621645 3.722192 -4.117699
v 7.291730 3.242779 -3.917502
v 7.811459 3.566173 -3.983052
v 7.423609 3.251205 -3.648288
v 7.781525 3.720652 -3.757301
v 9.231282 6.903391 -3.055481
v 8.974938 6.994074 -3.201958
v 8.821218 7.004109 -2.944519
v 9.077562 6.913426 -2.798042
v 8.677775 6.725556 -3.146246
v 8.514386 6.218402 -3.021336
v 8.745400 6.553363 -2.771034
v 9.104600 6.656637 -3.228966
v 8.796970 6.382596 -3.287577
v 9.172225 6.484444 -2.853754
v 9.117519 6.173791 -3.090060
v 8.834935 6.009598 -2.823818
v 9.956193 5.399928 -3.994348
v 9.677163 5.316806 -4.223932
v 9.374629 5.381882 -3.994425
v 9.677361 5.308457 -3.767716
v 9.963408 5.096925 -4.308741
v 9.688022 4.860719 -4.232284
v 9.381745 5.082999 -4.304543
v 9.970891 4.782621 -4.005652
v 9.688221 4.852369 -3.776068
v 9.389127 4.772969 -4.005575
v 9.963677 5.085624 -3.691259
v 9.382011 5.071852 -3.695457
v 12.148922 4.108967 -3.991161
v 12.250921 4.331941 -4.254036
v 12.360275 4.570992 -4.008839
v 12.258276 4.348018 -3.745964
v 11.298658 2.113681 -5.286353
v 10.996798 2.837236 -5.245729
v 11.015378 3.542429 -5.052861
v 11.235200 2.811140 -4.970015
v 10.910932 2.061773 -5.338156
v 10.715078 2.730772 -5.029985
v 10.690942 3.504174 -5.082766
v 10.859120 1.995730 -4.963647
v 10.953480 2.704675 -4.754271
v 10.680135 3.353985 -4.798081
v 11.246846 2.047638 -4.911844
v 11.004572 3.392240 -4.768176
v 11.438436 0.975944 -6.142969
v 11.154270 1.512304 -5.790026
v 11.426314 1.399206 -5.455716
v 10.975760 0.999983 -6.222631
v 10.773964 1.392706 -5.544284
v 10.901842 0.723468 -5.857031
v 11.046008 1.279608 -5.209974
v 11.364518 0.699428 -5.777369
v 11.515208 0.068779 -6.841280
v 11.520830 0.357663 -7.041230
v 11.835070 0.430632 -6.908720
v 11.829448 0.141749 -6.708770
v 11.450888 0.734264 -6.734437
v 11.754235 0.494879 -6.401295
v 11.086043 0.447032 -6.598705
v 11.389390 0.207648 -6.265563
v -3.076710 -5.288094 0.575165
v -2.852493 -4.462777 0.963250
v -2.281279 -3.904766 0.606221
v -2.420416 -4.787180 0.509506
v -3.119403 -5.267631 1.122454
v -2.429584 -4.632820 1.490494
v -2.245407 -3.748221 1.330779
v -2.663290 -5.579406 1.174835
v -1.997507 -4.957223 1.036750
v -1.586447 -4.077879 1.349678
v -2.620597 -5.599869 0.627546
v -1.622319 -4.234423 0.625120
v -3.468955 -7.004290 -0.124137
v -3.440301 -6.084383 0.440815
v -3.059336 -6.211017 0.161927
v -3.614458 -7.123172 0.266307
v -3.210664 -6.318983 0.838073
v -3.218545 -7.290710 0.374137
v -2.829699 -6.445617 0.559185
v -3.073042 -7.171828 -0.016307
v -4.169290 -8.748452 -0.281885
v -3.916781 -7.917982 -0.088770
v -3.513983 -7.976459 -0.294271
v -4.289964 -8.721094 0.153738
v -3.726017 -8.073541 0.294271
v -3.895710 -8.901548 0.281885
v -3.323219 -8.132018 0.088770
v -3.775036 -8.928906 -0.153738
v -5.359216 -9.992116 -0.478899
v -4.934519 -9.253745 -0.116123
v -4.563236 -9.545654 -0.374501
v -5.498406 -9.888030 0.043502
v -4.736764 -9.404346 0.374501
v -5.140784 -10.267884 0.228899
v -4.365481 -9.696255 0.116123
v -5.001594 -10.371970 -0.293502
v -5.738896 -11.615235 -1.283408
v -5.861736 -10.698621 -0.655125
v -5.457010 -10.963948 -0.832795
v -6.013049 -11.708120 -0.952396
v -5.762990 -10.926052 -0.167205
v -5.693604 -11.937265 -0.716592
v -5.358264 -11.191379 -0.344875
v -5.419451 -11.844380 -1.047604
v -5.266824 -12.930819 -2.147113
v -5.791267 -12.352528 -1.716730
v -5.319674 -12.329255 -1.688969
v -5.594427 -13.184545 -1.936687
v -5.790326 -12.630745 -1.311031
v -5.290676 -13.299181 -1.602887
v -5.318733 -12.607472 -1.283270
v -4.963073 -13.045455 -1.813313
v -4.910747 -14.378297 -2.138474
v -5.240251 -13.719867 -2.253309
v -4.799678 -13.585685 -2.157702
v -5.209584 -14.476387 -1.926600
v -5.280322 -13.894315 -1.842298
v -4.984253 -14.424203 -1.611526
v -4.839749 -13.760133 -1.746691
v -4.685416 -14.326113 -1.823400
v -5.286730 -16.076360 -1.331681
v -5.259472 -15.205911 -1.710042
v -4.907942 -15.166189 -1.631721
v -5.543851 -15.968520 -1.179881
v -5.312058 -15.123811 -1.368279
v -5.348270 -15.893640 -0.918319
v -4.960528 -15.084089 -1.289958
v -5.091149 -16.001480 -1.070119
v -5.258881 -17.958909 -1.275991
v -5.525655 -16.970858 -1.216348
v -5.144800 -16.991433 -1.142998
v -5.574161 -17.952930 -1.040141
v -5.575200 -16.878567 -0.857002
v -5.331119 -17.931091 -0.724009
v -5.194345 -16.899142 -0.783652
v -5.015839 -17.937070 -0.959859
v -4.932082 -19.788947 -1.241705
v -5.352469 -18.979096 -1.224951
v -4.956053 -18.946672 -1.173240
v -5.190443 -19.852383 -1.038185
v -5.403947 -18.983328 -0.826760
v -4.997918 -19.813553 -0.758295
v -5.007531 -18.950904 -0.775049
v -4.739557 -19.750117 -0.961815
v -4.221404 -20.581736 -1.369411
v -4.706237 -20.321570 -1.222014
v -4.437958 -20.141165 -1.135676
v -4.437054 -20.807409 -1.205872
v -4.762042 -20.378835 -0.864324
v -4.328596 -20.730764 -0.880589
v -4.493763 -20.198430 -0.777986
v -4.112946 -20.505091 -1.044128
v -4.283476 -21.994359 -1.687428
v -4.396551 -21.864050 -1.953121
v -4.106524 -21.778141 -2.062572
v -3.993449 -21.908450 -1.796879
v -4.273060 -21.267907 -1.758486
v -3.954169 -21.169015 -1.613883
v -4.405831 -21.440985 -1.386117
v -4.086940 -21.342093 -1.241514
v -0.274855 -11.991064 -2.363796
v -0.675963 -11.561599 -2.088456
v -0.244720 -11.242064 -2.410321
v -0.230489 -12.029873 -1.834155
v -0.332921 -11.522519 -1.589679
v 0.190717 -11.785045 -1.740188
v 0.098322 -11.202984 -1.911544
v 0.255701 -11.681571 -2.227283
v 0.246396 -13.264814 -2.099843
v 0.245371 -12.509070 -1.792153
v -0.127796 -12.728414 -2.152085
v 0.694772 -13.203017 -2.081265
v 0.577727 -12.312265 -2.082323
v 0.701733 -13.058747 -2.518786
v 0.291039 -12.483748 -2.553315
v -0.556741 -13.378263 -2.762627
v -0.424341 -12.890037 -2.376710
v -0.159862 -12.723960 -2.707723
v -0.475911 -13.668268 -2.469121
v -0.098488 -13.402881 -2.384384
v 0.250945 -13.363655 -2.583189
v 0.155905 -13.281790 -2.719727
v -0.120634 -13.819345 -2.665789
v -0.201464 -13.529340 -2.959296
v 0.185951 -14.124715 -2.628739
v 0.585152 -13.961971 -3.002067
v 0.591541 -14.236306 -2.243686
v 0.990742 -14.073562 -2.617014
v -0.775178 -13.852999 -2.720283
v -0.584303 -13.760524 -3.105261
v -0.440919 -14.119696 -2.618618
v -0.250044 -14.027221 -3.003595
v -3.264919 6.203771 -4.314165
v -2.985888 5.775885 -4.077556
v -2.805339 6.257107 -4.000752
v -3.173520 5.852126 -4.614294
v -2.681456 5.720437 -4.495838
v -2.828603 6.103000 -4.815021
v -2.500907 6.201660 -4.419034
v -2.816014 6.462397 -4.546943
v -4.129297 6.436496 -5.275910
v -3.713437 6.123846 -4.850999
v -3.603078 6.627518 -4.914383
v -3.971873 6.104881 -5.405586
v -3.395688 6.031196 -5.178685
v -3.739882 6.300613 -5.654043
v -3.263122 6.445937 -5.324807
v -3.110548 6.738607 -5.778919
v -3.137219 6.761512 -5.083890
v -3.062049 6.499897 -5.348974
v -3.377138 7.115605 -5.684519
v -3.797890 6.929508 -5.512317
v -3.806242 6.962199 -5.841799
v -3.739811 6.657532 -5.743658
v -4.016390 6.694252 -5.693603
v -3.539652 6.585200 -5.936199
v -4.389620 6.228988 -5.587181
v -4.359973 6.591448 -5.697458
v -4.123346 6.130367 -5.839746
v -4.093700 6.492827 -5.950023
v -3.799933 6.849763 -6.217093
v -3.614766 7.292300 -6.047744
v -3.326172 6.680035 -6.291578
v -3.141005 7.122572 -6.122229
v -4.066857 8.453230 -9.441799
v -3.981744 8.075020 -9.352631
v -3.773723 8.585564 -9.160170
v -3.808711 8.052111 -9.814535
v -3.445934 7.913826 -9.505226
v -3.286727 8.298606 -9.768150
v -3.237913 8.424370 -9.312765
v -3.524546 8.774230 -9.504090
v -3.600814 8.544396 -10.672150
v -3.466251 8.206289 -10.154351
v -4.101385 8.401165 -10.132890
v -3.129971 8.673245 -10.360532
v -3.272567 8.731198 -9.836596
v -3.384227 9.173983 -10.167382
v -3.784973 9.006793 -9.697651
v -3.910771 8.646785 -9.423644
v -4.289526 8.391115 -9.740362
v -4.200736 8.441669 -9.428390
v -4.408804 8.795094 -9.855070
v -4.144067 8.877528 -10.207509
v -3.960727 9.189335 -9.783733
v -3.786452 9.106170 -9.819327
v -3.830434 9.128262 -10.514128
v -3.752659 8.835910 -9.357054
v -3.380282 9.265110 -11.372157
v -3.248153 9.660228 -11.025509
v -2.916932 9.008793 -11.256613
v -2.784803 9.403911 -10.909964
v -4.593618 8.695816 -9.406868
v -4.078739 8.657300 -9.039560
v -4.405350 9.265344 -9.611055
v -3.890470 9.226828 -9.243746
v 7.989104 4.587915 -3.863680
v 7.811578 4.179837 -4.117653
v 7.920015 4.151499 -3.794217
v 8.150473 4.516241 -4.183301
v 8.047663 3.954878 -4.205783
v 8.410387 4.207446 -4.064068
v 8.156100 3.926541 -3.882347
v 8.270449 4.395518 -3.678094
v 8.350867 5.590772 -3.423548
v 8.223846 5.181639 -3.875861
v 8.280908 4.976452 -3.488876
v 8.651356 5.762806 -3.706100
v 8.657317 5.092854 -4.061107
v 8.686991 5.354448 -3.212271
v 8.723928 4.851849 -3.521146
v 8.893483 4.660135 -4.015248
v 8.717435 4.572418 -3.771590
v 8.675404 4.632915 -4.235724
v 8.931361 5.028126 -3.637546
v 8.938853 5.321331 -3.546167
v 9.044317 5.675374 -3.484299
v 8.923590 5.475738 -3.999891
v 8.959466 5.441381 -3.928924
v 8.921588 5.073389 -4.306625
v 8.511477 6.074514 -3.377302
v 8.527496 5.746733 -3.025540
v 8.990123 6.052041 -3.420040
v 9.006142 5.724259 -3.068279
v 9.116919 5.318920 -4.238825
v 9.117132 5.310015 -3.752267
v 9.128501 4.832500 -4.247733
v 9.128713 4.823595 -3.761175
v 10.352067 5.378666 -3.996491
v 10.157190 5.328047 -4.223750
v 10.157389 5.319704 -3.767905
v 10.342677 5.089760 -4.295856
v 10.168041 4.872330 -4.232095
v 10.310640 4.769214 -4.076167
v 10.168239 4.863987 -3.776250
v 10.343944 5.082519 -3.704144
v 11.066443 5.189284 -4.008344
v 10.609028 5.255923 -4.219874
v 10.612244 5.258703 -3.783584
v 10.955742 4.909300 -4.295955
v 10.568157 4.814978 -4.320726
v 10.963277 4.924355 -3.704045
v 10.526528 4.789460 -3.777334
v 10.504475 4.454780 -4.572203
v 10.393761 4.615316 -4.104907
v 10.529304 4.703832 -4.427948
v 10.523127 4.285390 -4.273174
v 10.664944 4.534923 -3.975251
v 10.852721 4.312948 -4.282873
v 10.798472 4.616199 -4.294819
v 10.918721 4.591968 -4.020516
v 10.834069 4.482338 -4.581902
v 11.733794 4.831510 -4.246942
v 11.740702 4.846612 -3.769666
v 11.535252 4.397490 -4.230334
v 11.542161 4.412592 -3.753058
v 10.759381 4.124627 -4.915062
v 11.005556 4.016095 -4.680953
v 10.505664 3.963825 -4.722815
v 10.751839 3.855293 -4.488706
v -0.764455 -3.701636 0.224679
v -0.600434 -2.943565 -0.036214
v -0.415660 -3.756724 -0.407263
v -0.261711 -3.745545 0.509888
v -0.374677 -2.889635 0.710156
v -0.000337 -3.794712 -0.136960
v 0.128718 -2.996236 0.154603
v -0.107642 -2.989910 -0.505644
v -1.864115 2.207745 -0.945095
v -1.770606 2.111736 -0.536939
v -1.519574 2.598578 -0.465562
v -1.379724 2.337252 -1.372215
v -1.540277 1.914716 -1.349941
v -1.083966 2.709574 -0.864320
v -0.910177 2.553577 -1.171114
v -1.125800 2.572045 -0.310005
v 0.325912 2.989372 -1.412033
v 0.326079 2.792168 -0.645548
v 0.786980 3.012289 -1.214197
v 0.489645 2.694299 -1.902703
v 0.055208 2.673263 -1.438353
v 1.009126 2.713260 -1.694908
v 0.520582 2.222477 -1.757993
v 0.935329 2.506633 -1.079580
v -0.609091 2.801672 -1.699777
v -0.376804 3.063344 -1.213286
v -0.104342 2.765707 -1.903614
v -0.526981 2.218685 -1.758957
v 0.069931 3.019501 -1.407164
v -0.360990 2.782962 -0.644585
v 2.030746 1.639571 -1.645229
v 2.029308 1.788029 -0.736405
v 2.438186 1.555775 -1.086038
v 2.246949 1.006055 -1.912275
v 1.802391 1.494220 -1.556907
v 2.666267 0.913794 -1.338179
v 2.302820 0.733760 -1.459887
v 2.529145 1.045141 -0.628935
v -2.017889 -2.911149 0.970553
v -1.699043 -2.372644 0.527652
v -1.600680 -3.301010 0.384383
v -1.435265 -3.057161 1.453394
v -1.475247 -2.164958 1.367714
v -1.067973 -3.431836 0.838863
v -0.776288 -2.642967 1.102534
v -1.001769 -2.800613 0.292232
v 0.040445 -1.201054 -2.460751
v 0.396687 -0.704158 -2.606330
v 0.616585 -1.240075 -2.362519
v 0.265387 -1.632140 -2.204878
v 1.089979 -0.826671 -2.361084
v 1.108944 -1.389870 -2.082778
v 0.656531 -1.701260 -2.066514
v 1.625912 -1.078136 -1.907928
v 1.442564 -1.627632 -1.664117
v 0.958896 -1.843132 -1.810851
v 1.922896 -1.420269 -1.315851
v 1.566654 -1.917164 -1.170272
v 1.126449 -2.036158 -1.476811
v 1.935716 -1.800985 -0.674992
v 1.462323 -2.214389 -0.676427
v 1.133682 -2.250951 -1.115249
v 1.662422 -2.162322 -0.082916
v 1.145454 -2.474056 -0.257766
v 0.979494 -2.454812 -0.781209
v 1.144619 -2.449271 0.370240
v 0.664287 -2.656633 0.021975
v 0.687358 -2.616703 -0.525546
v 0.461139 -2.618145 0.615487
v 0.301750 -2.711980 -0.387182
v -0.976423 -2.545509 -0.257766
v -0.509769 -2.657016 -0.525546
v -1.513191 -2.269259 -0.082916
v -1.310042 -2.307747 -0.676427
v -0.812134 -2.515144 -0.781209
v -1.810174 -1.927125 -0.674992
v -1.434132 -2.018214 -1.170272
v -0.979687 -2.322118 -1.115249
v -1.822994 -1.546410 -1.315851
v -1.329801 -1.720989 -1.664117
v -0.986920 -2.107324 -1.476811
v -1.549700 -1.185072 -1.907928
v -1.012932 -1.461323 -2.082778
v -0.832732 -1.903464 -1.810851
v -1.031897 -0.898124 -2.361084
v -0.531766 -1.278745 -2.362519
v -0.540596 -1.741572 -2.066514
v -0.348417 -0.729249 -2.606330
v -0.154988 -1.646296 -2.204878
v 0.005638 -0.167417 -2.713289
v 0.475159 0.360965 -2.643472
v 0.867893 -0.225817 -2.566275
v 1.380989 0.200895 -2.323042
v 1.604760 -0.450000 -2.147613
v 2.081220 -0.127660 -1.730965
v 2.104057 -0.805836 -1.521042
v 2.469248 -0.574679 -0.957380
v 2.289771 -1.239152 -0.781951
v 2.485998 -1.072108 -0.120057
v 2.133628 -1.683980 -0.042860
v 2.128922 -1.544217 0.653529
v 1.659400 -2.072599 0.583711
v 1.452380 -1.919134 1.245605
v 0.939284 -2.345845 1.002373
v 0.559370 -2.139779 1.566035
v 0.082910 -2.462119 1.149387
v -0.414155 -2.172562 1.566035
v -2.020216 -1.683937 0.653529
v -2.015509 -1.823700 -0.042860
v -2.408243 -1.236918 -0.120057
v -2.201223 -1.390384 -0.781951
v -2.424994 -0.739489 -0.957380
v -2.045080 -0.945556 -1.521042
v -2.067917 -0.267379 -1.730965
v -1.570852 -0.556937 -2.147613
v -1.391376 0.107537 -2.323042
v -0.850736 -0.283691 -2.566275
v -0.498366 0.328182 -2.643472
v -0.030028 0.891708 -2.552753
v 0.481293 1.371135 -2.278169
v 0.987072 0.822820 -2.379338
v 1.461757 1.197876 -1.931338
v 1.856266 0.558379 -1.885493
v 2.445227 0.138641 -1.146402
v 2.639679 0.358402 -0.453156
v 2.664291 -0.372490 -0.274585
v 2.657810 -0.180012 0.453156
v 2.480108 -0.897201 0.597233
v 2.271313 -0.691020 1.290479
v 1.920718 -1.355608 1.336324
v 1.539030 -1.096826 1.931338
v 1.071283 -1.677924 1.830169
v 0.572443 -1.335651 2.278169
v 0.061122 -1.815078 2.003584
v -0.481293 -1.371135 2.278169
v -0.955978 -1.746191 1.830169
v -1.461757 -1.197876 1.931338
v -1.825172 -1.481749 1.336324
v -2.219681 -0.842251 1.290479
v -2.414133 -1.062012 0.597233
v -2.639679 -0.358402 0.453156
v -2.633197 -0.550880 -0.274585
v -2.657810 0.180012 -0.453156
v -2.449014 -0.026169 -1.146402
v -2.271313 0.691020 -1.290479
v -1.889624 0.432238 -1.885493
v -1.539030 1.096826 -1.931338
v -1.040189 0.754554 -2.379338
v -0.572443 1.335651 -2.278169
v -0.061122 1.815078 -2.003584
v 0.955978 1.746191 -1.830169
v 1.319985 2.012492 -1.245605
v 2.408243 1.236918 0.120057
v 2.633197 0.550880 0.274585
v 2.424994 0.739489 0.957380
v 2.449014 0.026169 1.146402
v 2.067917 0.267379 1.730965
v 1.889624 -0.432238 1.885493
v 1.391376 -0.107537 2.323042
v 1.040189 -0.754554 2.379338
v 0.498366 -0.328182 2.643472
v 0.030028 -0.891708 2.552753
v -0.475159 -0.360965 2.643472
v -0.987072 -0.822820 2.379338
v -1.380989 -0.200895 2.323042
v -1.856266 -0.558379 1.885493
v -2.081220 0.127660 1.730965
v -2.445227 -0.138641 1.146402
v -2.469248 0.574679 0.957380
v -2.664291 0.372490 0.274585
v -2.485998 1.072108 0.120057
v -2.480108 0.897201 -0.597233
v -2.128922 1.544217 -0.653529
v -1.920718 1.355608 -1.336324
v -1.071283 1.677924 -1.830169
v 0.977257 2.520724 -0.370240
v 1.516212 2.179536 -0.583711
v 1.513191 2.269259 0.082916
v 2.015509 1.823700 0.042860
v 1.810174 1.927125 0.674992
v 2.201223 1.390384 0.781951
v 1.822994 1.546410 1.315851
v 2.045080 0.945556 1.521042
v 1.549700 1.185072 1.907928
v 1.570852 0.556937 2.147613
v 1.031897 0.898124 2.361084
v 0.850736 0.283691 2.566275
v 0.348417 0.729249 2.606330
v -0.005638 0.167417 2.713289
v -0.396687 0.704158 2.606330
v -0.867893 0.225817 2.566275
v -1.089979 0.826671 2.361084
v -1.604760 0.450000 2.147613
v -1.625912 1.078136 1.907928
v -2.104057 0.805836 1.521042
v -1.922896 1.420269 1.315851
v -2.289771 1.239152 0.781951
v -1.935716 1.800985 0.674992
v -2.133628 1.683980 0.042860
v -1.662422 2.162322 0.082916
v -0.092077 2.734325 -0.120207
v 0.118625 2.726136 0.387182
v 0.484064 2.695303 -0.021975
v 0.509769 2.657016 0.525546
v 0.976423 2.545509 0.257766
v 0.812134 2.515144 0.781209
v 1.310042 2.307747 0.676427
v 0.979687 2.322118 1.115249
v 1.434132 2.018214 1.170272
v 0.986920 2.107324 1.476811
v 1.329801 1.720989 1.664117
v 0.832732 1.903464 1.810851
v 1.012932 1.461323 2.082778
v 0.540596 1.741572 2.066514
v 0.531766 1.278745 2.362519
v 0.154988 1.646296 2.204878
v -0.040445 1.201054 2.460751
v -0.265387 1.632140 2.204878
v -0.616585 1.240075 2.362519
v -0.656531 1.701260 2.066514
v -1.108944 1.389870 2.082778
v -0.958896 1.843132 1.810851
v -1.442564 1.627632 1.664117
v -1.126449 2.036158 1.476811
v -1.566654 1.917164 1.170272
v -1.133682 2.250951 1.115249
v -1.462323 2.214389 0.676427
v -0.979494 2.454812 0.781209
v -1.145454 2.474056 0.257766
v -0.687358 2.616703 0.525546
v -0.664287 2.656633 -0.021975
v -0.301750 2.711980 0.387182
v 0.067098 -1.992538 -1.898544
v 0.302476 -2.008480 -1.858412
v 0.503626 -2.069678 -1.744125
v 0.639924 -2.166814 -1.573084
v 0.690620 -2.285100 -1.371327
v 0.647996 -2.406530 -1.169570
v 0.518542 -2.512615 -0.998528
v 0.321964 -2.587206 -0.884242
v 0.088191 -2.618946 -0.844110
v -0.147187 -2.603004 -0.884242
v -0.348337 -2.541807 -0.998528
v -0.484635 -2.444670 -1.169570
v -0.535331 -2.326384 -1.371327
v -0.492707 -2.204954 -1.573084
v -0.363253 -2.098869 -1.744125
v -0.166675 -2.024278 -1.858412
v -0.088191 2.618946 0.844110
v 0.147187 2.603004 0.884242
v 0.348337 2.541807 0.998528
v 0.484635 2.444670 1.169570
v 0.535331 2.326384 1.371327
v 0.492707 2.204954 1.573084
v 0.363253 2.098869 1.744125
v 0.166675 2.024278 1.858412
v -0.067098 1.992538 1.898544
v -0.302476 2.008480 1.858412
v -0.503626 2.069678 1.744125
v -0.639924 2.166814 1.573084
v -0.690620 2.285100 1.371327
v -0.647996 2.406530 1.169570
v -0.518542 2.512615 0.998528
v -0.321964 2.587206 0.884242
v -0.666974 -6.216132 -0.372175
v -0.947106 -6.202420 -0.089539
v -0.810066 -4.633840 0.091323
v -0.498223 -4.671689 -0.334938
v -0.669276 -6.254493 0.184675
v -0.434077 -4.667031 0.374354
v -0.389144 -6.268205 -0.097961
v -0.165944 -4.701920 -0.059360
v -1.006729 -7.530484 -0.709482
v -1.223270 -7.540152 -0.488032
v -1.013271 -7.639516 -0.290518
v -0.796730 -7.629848 -0.511968
v -1.176212 -8.939409 -1.327586
v -1.428174 -9.030213 -1.103376
v -1.193788 -9.139966 -0.859914
v -0.941826 -9.049162 -1.084124
v -0.614515 -10.608739 -2.122674
v -0.946882 -10.823951 -1.866740
v -0.664601 -10.855480 -1.502326
v -0.332233 -10.640268 -1.758260
v -1.579718 -15.370486 -3.226738
v -1.685459 -15.342737 -2.876508
v -0.977204 -14.272779 -2.828340
v -0.832717 -14.228518 -3.160156
v -1.401532 -15.557014 -2.773262
v -0.689241 -14.485315 -2.736299
v -1.295791 -15.584763 -3.123492
v -0.544754 -14.441053 -3.068114
v -1.973024 -16.160990 -3.065899
v -2.022060 -16.129211 -2.875210
v -2.180310 -16.025676 -2.934101
v -2.131274 -16.057456 -3.124790
v 1.428945 -17.042607 -3.694101
v 1.080071 -17.333588 -3.471345
v 0.392436 -15.250638 -2.863716
v 0.740937 -15.122801 -3.194705
v 1.493555 -17.409893 -3.055899
v 0.742823 -15.306553 -2.522452
v 1.842429 -17.118912 -3.278655
v 1.091324 -15.178716 -2.853441
v 2.599050 -17.817313 -4.298297
v 2.423265 -17.926679 -4.165293
v 2.227616 -17.929354 -4.368370
v 2.403402 -17.819988 -4.501374
v -2.779565 2.406215 -0.814619
v -2.740098 2.091025 -0.804377
v -2.003814 2.355308 -0.902984
v -1.804246 2.679481 -0.662216
v -2.627935 2.031285 -1.185381
v -1.714942 2.393862 -1.278723
v -2.667402 2.346475 -1.195623
v -1.539765 2.708779 -1.023774
v -3.739611 1.605677 -0.872495
v -3.510099 1.337960 -0.764412
v -3.440389 1.259323 -1.127505
v -3.669901 1.527040 -1.235588
v -4.281229 0.460664 -0.894067
v -4.006145 0.338882 -0.766714
v -3.901271 0.310586 -1.105933
v -4.176355 0.432368 -1.233286
v -4.232989 -0.710196 -1.116648
v -3.971033 -0.737299 -0.959861
v -3.809511 -0.693554 -1.258352
v -4.071467 -0.666451 -1.415139
v -4.725077 -1.851876 -1.749575
v -4.510287 -1.985507 -1.604225
v -4.341173 -1.949374 -1.875425
v -4.555963 -1.815743 -2.020775
v -5.645760 -2.660480 -2.099628
v -5.457842 -2.900563 -1.998568
v -5.329240 -2.895770 -2.275372
v -5.517158 -2.655687 -2.376432
v -6.499700 -3.796208 -2.517330
v -6.278343 -4.009336 -2.460343
v -6.189050 -4.017542 -2.732670
v -6.410407 -3.804414 -2.789657
v -7.003641 -5.113570 -2.039257
v -6.716840 -5.259058 -2.048669
v -6.723859 -5.302680 -2.335743
v -7.010660 -5.157192 -2.326331
v -7.524096 -6.244685 -1.799372
v -7.230022 -6.424805 -1.842780
v -7.285904 -6.450315 -2.200628
v -7.579978 -6.270195 -2.157220
v -8.322835 -6.614289 -1.819722
v -8.185162 -6.883427 -1.820326
v -8.209665 -6.894461 -2.180278
v -8.347338 -6.625323 -2.179674
v -8.873107 -6.530770 -2.102057
v -8.821261 -6.711043 -2.092667
v -8.820226 -6.702563 -1.897943
v -8.872072 -6.522290 -1.907333
v 1.555195 4.371349 -2.651851
v 1.371632 4.340955 -2.845162
v 0.713467 3.352260 -1.974183
v 1.010216 3.393805 -1.795653
v 1.549805 4.184901 -2.973149
v 0.869868 3.138913 -2.248807
v 1.733368 4.215295 -2.779838
v 1.195823 3.178480 -2.065297
v 2.068261 5.657735 -2.841744
v 1.932443 5.673139 -3.037606
v 2.114239 5.586015 -3.158256
v 2.250057 5.570611 -2.962394
v 2.296742 6.245961 -2.977880
v 2.223933 6.272603 -3.100391
v 2.109925 6.314039 -3.022120
v 2.182734 6.287397 -2.899609
v -0.374898 4.589037 -1.925368
v -0.657214 4.418354 -2.161609
v -0.442904 3.372202 -1.886418
v -0.197328 3.535688 -1.557607
v -0.365102 4.394713 -2.449632
v -0.098226 3.343198 -2.111853
v -0.082786 4.565396 -2.213391
v 0.118343 3.502745 -1.778063
v -1.106970 5.435953 -2.767252
v -1.329789 5.119224 -2.922056
v -1.024280 5.072797 -3.232748
v -0.801461 5.389526 -3.077944
v -2.341318 6.009999 -3.698547
v -2.503422 5.609317 -3.775632
v -2.231230 5.549080 -4.112674
v -2.069126 5.949763 -4.035589
v -5.580278 5.724873 -5.967728
v -5.437722 5.493778 -5.763209
v -4.654971 6.111820 -5.745693
v -4.674911 6.381701 -5.864752
v -5.264722 5.340127 -6.032272
v -4.462584 6.010230 -5.961699
v -5.407278 5.571222 -6.236791
v -4.482524 6.280111 -6.080759
v -6.521573 4.671822 -5.972779
v -6.276291 4.465754 -5.703448
v -6.072177 4.294428 -6.027221
v -6.317459 4.500496 -6.296552
v -6.805989 3.660150 -6.177725
v -6.655024 3.539226 -6.016270
v -6.780678 3.639850 -5.822275
v -6.931642 3.760774 -5.983730
v -3.623640 7.931297 -7.823720
v -3.780727 7.555869 -7.967388
v -3.755346 7.066657 -6.708940
v -3.600151 7.437563 -6.567002
v -3.378810 7.411879 -8.030578
v -3.358270 6.924401 -6.771368
v -3.221723 7.787307 -7.886910
v -3.203075 7.295308 -6.629431
v -3.680387 8.349516 -8.818783
v -3.846108 7.947877 -8.971267
v -3.420612 7.808258 -9.066645
v -3.254892 8.209897 -8.914160
v -4.574698 10.472553 -8.972878
v -4.829301 10.395229 -9.250077
v -4.687581 9.186520 -9.184939
v -4.324585 9.168596 -8.886386
v -4.555302 10.464947 -9.402122
v -4.499449 9.544895 -9.357594
v -4.300699 10.542271 -9.124923
v -4.136452 9.526971 -9.059041
v -4.489305 11.458846 -9.831707
v -4.695284 11.257363 -10.067521
v -4.373195 11.108654 -10.168293
v -4.167216 11.310137 -9.932479
v -4.378096 12.294651 -10.650114
v -4.563357 12.117718 -10.874296
v -4.265654 11.992849 -10.974886
v -4.080393 12.169782 -10.750704
v -4.742082 13.332522 -10.775360
v -4.899647 13.234242 -11.068563
v -4.627918 13.296228 -11.224640
v -4.470353 13.394508 -10.931437
v -5.914768 14.331644 -10.720954
v -6.044015 14.213211 -11.093120
v -5.791482 14.460856 -11.279046
v -5.662235 14.579289 -10.906880
v -6.852181 15.221630 -10.737517
v -6.961153 15.104879 -11.098175
v -6.717819 15.354620 -11.262483
v -6.608847 15.471371 -10.901825
v -7.238438 16.245527 -10.799888
v -7.334359 16.192230 -11.084423
v -7.092812 16.314473 -11.200112
v -6.996891 16.367770 -10.915577
v -7.719416 17.135672 -10.625251
v -7.845076 17.153558 -10.930641
v -7.594334 17.320578 -10.999749
v -7.468674 17.302692 -10.694359
v -8.817978 17.855662 -9.973594
v -8.963272 17.914254 -10.369586
v -8.709522 18.248088 -10.401406
v -8.564228 18.189496 -10.005414
v -9.249533 18.522495 -9.878135
v -9.357123 18.583643 -10.125913
v -9.503800 18.344172 -10.121865
v -9.396210 18.283024 -9.874087
v -2.116985 10.692267 -12.725254
v -2.180861 10.532769 -12.940350
v -2.839401 9.758192 -12.026513
v -2.746095 10.035003 -11.786422
v -1.918015 10.417733 -12.899746
v -2.517062 9.578380 -11.944374
v -1.854139 10.577231 -12.684650
v -2.423756 9.855191 -11.704283
v -1.928146 11.396922 -12.680635
v -1.975600 11.402440 -12.928993
v -1.691854 11.355578 -12.944365
v -1.644400 11.350060 -12.696007
v -1.804448 12.303376 -12.023610
v -1.873456 12.413173 -12.281754
v -1.573052 12.401624 -12.351390
v -1.504044 12.291827 -12.093246
v -1.762624 13.432611 -11.804127
v -1.868126 13.484199 -12.087264
v -1.571126 13.494889 -12.195873
v -1.465624 13.443301 -11.912736
v -2.139859 14.696905 -11.780264
v -2.253923 14.673338 -12.099924
v -1.950141 14.741845 -12.219736
v -1.836077 14.765412 -11.900076
v -2.385366 16.120146 -11.967297
v -2.497424 16.053997 -12.303517
v -2.164634 16.098604 -12.407703
v -2.052576 16.164753 -12.071483
v -2.123592 17.718468 -12.582484
v -2.226559 17.640247 -12.960195
v -1.847658 17.551532 -13.042516
v -1.744691 17.629753 -12.664805
v -1.721453 19.055446 -12.933428
v -1.833900 18.983968 -13.345498
v -1.422297 18.820804 -13.441572
v -1.309850 18.892282 -13.029502
v -1.539336 20.427427 -13.574884
v -1.683738 20.337304 -13.921309
v -1.318164 20.225073 -14.050116
v -1.173762 20.315196 -13.703691
v -1.554369 21.673625 -13.617845
v -1.708228 21.669122 -13.894524
v -1.414381 21.688875 -14.007155
v -1.260522 21.693378 -13.730476
v -1.677990 22.429547 -13.295080
v -1.753920 22.448776 -13.436133
v -1.895343 22.437120 -13.371587
v -1.819413 22.417891 -13.230534
v 4.130203 1.810571 -1.992712
v 4.011978 1.783447 -2.357250
v 2.548036 1.562644 -1.971150
v 2.796230 1.554905 -1.532157
v 4.126047 1.403179 -2.382288
v 2.711203 1.080060 -2.093141
v 4.244272 1.430303 -2.017750
v 2.965337 1.068089 -1.646696
v 5.683173 2.433213 -2.741079
v 5.575039 2.427337 -3.029961
v 5.677452 2.134912 -3.071421
v 5.785586 2.140788 -2.782539
v 6.794608 3.137402 -3.351465
v 6.670827 3.128317 -3.594600
v 6.795392 2.892598 -3.648535
v 6.919173 2.901683 -3.405400
v 7.636938 3.812146 -3.750714
v 7.536806 3.820443 -3.997652
v 7.697816 3.622120 -4.061786
v 7.797948 3.613824 -3.814848
v 9.075824 6.693143 -2.935105
v 9.061324 6.810359 -3.089107
v 8.864176 6.826857 -3.064895
v 8.878676 6.709641 -2.910893
v 8.622863 6.347346 -3.208862
v 8.657715 6.139024 -2.905956
v 9.000142 6.309266 -3.261136
v 9.034994 6.100943 -2.958231
v 9.938683 5.277270 -3.806508
v 9.938517 5.284225 -4.186534
v 9.387555 5.277625 -4.192816
v 9.387726 5.270435 -3.799993
v 9.947563 4.904307 -4.193492
v 9.396905 4.884913 -4.200007
v 9.947728 4.897352 -3.813466
v 9.397077 4.877724 -3.807184
v 11.872194 4.409600 -3.897330
v 11.869321 4.403321 -4.095765
v 11.951868 4.583772 -4.102670
v 11.954741 4.590051 -3.904235
v 11.302529 2.087178 -5.156555
v 11.089843 2.145176 -5.410732
v 10.867161 3.498060 -5.079418
v 11.069069 3.441965 -4.866992
v 10.813999 2.050983 -5.218445
v 10.644063 3.386699 -4.909422
v 11.026685 1.992986 -4.964268
v 10.845970 3.330604 -4.696995
v 11.490252 0.902903 -5.940421
v 11.250505 1.049771 -6.218526
v 10.940026 0.880259 -6.059579
v 11.179773 0.733391 -5.781474
v 11.508639 0.266963 -6.547145
v 11.376161 0.383788 -6.695511
v 11.558306 0.478281 -6.786189
v 11.690784 0.361457 -6.637822
v -2.791563 -5.470290 0.467264
v -3.130331 -5.282358 0.772527
v -2.338056 -3.753599 0.975502
v -1.982106 -4.051842 0.543386
v -2.858437 -5.450960 1.157736
v -1.917003 -3.885921 1.397553
v -2.519669 -5.638892 0.852473
v -1.586013 -4.176571 0.951256
v -3.284924 -7.103532 -0.075977
v -3.611492 -7.026402 0.125852
v -3.436326 -7.188968 0.450977
v -3.109758 -7.266098 0.249148
v -4.003425 -8.796714 -0.278655
v -4.325958 -8.650720 -0.085372
v -4.164075 -8.778286 0.278655
v -3.841542 -8.924280 0.085372
v -5.090103 -10.207334 -0.482206
v -5.413439 -9.975153 -0.300520
v -5.289897 -10.132666 0.107206
v -4.966561 -10.364847 -0.074480
v -5.487577 -11.689460 -1.217402
v -5.852709 -11.588604 -1.154940
v -5.811173 -11.799290 -0.782598
v -5.446041 -11.900146 -0.845060
v -5.089938 -12.985392 -1.956946
v -5.470008 -13.050998 -2.008349
v -5.486312 -13.239608 -1.668054
v -5.106242 -13.174002 -1.616651
v -4.826925 -14.366406 -1.933093
v -5.156968 -14.438866 -2.005563
v -5.195575 -14.477344 -1.691907
v -4.865532 -14.404884 -1.619437
v -5.102392 -16.044843 -1.301966
v -5.407553 -16.052821 -1.365162
v -5.450108 -15.980157 -1.073034
v -5.144947 -15.972179 -1.009838
v -5.099522 -17.963377 -1.131766
v -5.423385 -17.968314 -1.183874
v -5.465478 -17.931623 -0.868234
v -5.141615 -17.926686 -0.816126
v -4.766671 -19.649724 -1.128715
v -5.043627 -19.738403 -1.186235
v -5.088329 -19.764026 -0.871285
v -4.811373 -19.675347 -0.813765
v -4.170886 -20.613200 -1.291483
v -4.415541 -20.729574 -1.387708
v -4.494114 -20.825550 -1.083517
v -4.249459 -20.709176 -0.987292
v -4.154202 -21.538390 -1.554988
v -4.258505 -21.646027 -1.614083
v -4.219131 -21.588276 -1.778346
v -4.114829 -21.480640 -1.719250
v -0.003217 -11.970223 -2.463190
v -0.351770 -12.209781 -2.151309
v -0.027794 -11.972069 -1.737310
v 0.290373 -11.756928 -1.992325
v 0.089765 -13.315398 -2.344031
v 0.441933 -13.303036 -2.045298
v 0.746749 -13.153223 -2.321756
v 0.420091 -13.160838 -2.673793
v -0.371818 -13.331204 -2.877578
v -0.561969 -13.440808 -2.579429
v -0.286502 -13.763743 -2.540085
v -0.101394 -13.676631 -2.840399
v -3.111939 6.478300 -4.510897
v -3.275857 5.988505 -4.458329
v -3.016615 5.926798 -4.769149
v -2.852267 6.352870 -4.862115
v -4.005880 6.678397 -5.406683
v -4.054949 6.222860 -5.284147
v -3.811606 6.143164 -5.525918
v -3.772792 6.531508 -5.681317
v -3.239815 6.634009 -5.824134
v -3.194695 6.926974 -5.641714
v -3.666663 7.068124 -5.790596
v -3.720328 6.769979 -5.956144
v -3.834321 8.720713 -9.440338
v -4.091092 8.255063 -9.703868
v -3.502191 8.117650 -9.803404
v -3.334814 8.549089 -9.590814
v -3.869894 8.812222 -10.580365
v -3.282601 8.616093 -10.611981
v -3.146846 8.999438 -10.335146
v -3.653656 9.221145 -10.207114
v -3.989763 8.665563 -9.310352
v -4.362991 8.573955 -9.592385
v -4.223057 9.015057 -9.875085
v -3.860399 9.093150 -9.557320
v 8.114534 4.519459 -3.712839
v 8.045576 4.616761 -4.008848
v 8.389671 4.448756 -4.181009
v 8.466465 4.359133 -3.781628
v 8.467846 5.427813 -3.286336
v 8.437395 5.649884 -3.594147
v 8.883458 5.647609 -3.740670
v 8.909911 5.387979 -3.343730
v 8.891534 4.788702 -4.206310
v 8.910250 4.763698 -3.809754
v 8.996567 5.274507 -3.712550
v 8.991234 5.346467 -4.103901
v 10.370478 5.259909 -3.813120
v 10.369055 5.262227 -4.184844
v 10.373826 4.845400 -4.276463
v 10.338579 4.818395 -3.858137
v 11.092414 5.057126 -3.813854
v 11.088196 5.049675 -4.194507
v 10.908232 4.678277 -4.236827
v 10.876709 4.664475 -3.816120
v 10.650921 4.436019 -4.622993
v 10.488646 4.331835 -4.408145
v 10.704296 4.253418 -4.256721
v 10.865564 4.353983 -4.469832
v -0.734143 -2.934064 0.532589
v -0.339364 -2.937411 -0.485641
v 0.020028 -2.897996 0.641572
v 0.089354 -2.969076 -0.359347
v -1.854634 1.823954 -0.969573
v -1.447825 2.383778 -0.195896
v -1.027888 2.208132 -1.516261
v -0.779592 2.686021 -0.664433
v 0.005936 2.787803 -0.872387
v 0.688499 2.697931 -0.649188
v 0.015383 2.347661 -1.750665
v 0.940343 2.231498 -1.510309
v 1.744710 1.836036 -1.134200
v 2.293414 1.500076 -0.432857
v 1.939753 1.008338 -1.734353
v 2.528541 0.643812 -0.982708
v -1.803132 -2.083542 0.976361
v -1.347008 -2.620889 0.174248
v -0.996532 -2.320608 1.475127
v 0.054991 -1.633032 -2.175688
v 0.023600 -0.700837 -2.596057
v 0.742522 -0.749529 -2.473481
v 0.452335 -1.659943 -2.107941
v 1.356899 -0.936446 -2.124414
v 0.791898 -1.763251 -1.915014
v 1.773198 -1.233131 -1.601998
v 1.021984 -1.927227 -1.626278
v 1.928040 -1.594417 -0.985767
v 1.107564 -2.126908 -1.285690
v 1.797853 -1.965301 -0.369535
v 1.035611 -2.331893 -0.945103
v 1.402457 -2.289319 0.152881
v 0.817077 -2.510977 -0.656367
v 0.802046 -2.517144 0.501948
v 0.485234 -2.636894 -0.463439
v -0.646306 -2.560255 -0.656367
v -1.661570 -2.081795 -0.369535
v -0.876392 -2.396279 -0.945103
v -1.816412 -1.720509 -0.985767
v -0.961973 -2.196598 -1.285690
v -1.686225 -1.349625 -1.601998
v -0.890019 -1.991613 -1.626278
v -1.290828 -1.025606 -2.124414
v -0.671486 -1.812530 -1.915014
v -0.690418 -0.797782 -2.473481
v -0.339642 -1.686613 -2.107941
v -0.011883 0.352880 -2.637439
v 0.927434 0.289261 -2.477285
v 1.730156 0.045042 -2.021207
v 2.274076 -0.342596 -1.338638
v 2.476388 -0.814639 -0.533493
v 2.306290 -1.299222 0.271652
v 1.789680 -1.722573 0.954221
v 1.005205 -2.020239 1.410299
v 0.072296 -2.146905 1.570453
v -2.213664 -1.451429 0.271652
v -2.415975 -0.979386 -0.533493
v -2.245878 -0.494803 -1.338638
v -1.729267 -0.071452 -2.021207
v -0.944792 0.226214 -2.477285
v -0.045557 1.352874 -2.277294
v 0.971152 1.284013 -2.103946
v 2.647728 0.089161 -0.000000
v 2.463615 -0.435349 0.871483
v 1.904440 -0.893580 1.610290
v 1.055331 -1.215772 2.103946
v 0.045557 -1.352874 2.277294
v -0.971152 -1.284013 2.103946
v -1.840012 -1.019672 1.610290
v -2.428748 -0.600096 0.871483
v -2.647728 -0.089161 0.000000
v -2.463615 0.435349 -0.871483
v -1.904440 0.893580 -1.610290
v -1.055331 1.215772 -2.103946
v 2.415975 0.979386 0.533493
v 2.245878 0.494803 1.338638
v 1.729267 0.071452 2.021207
v 0.944792 -0.226214 2.477285
v 0.011883 -0.352880 2.637439
v -0.927434 -0.289261 2.477285
v -1.730156 -0.045042 2.021207
v -2.274076 0.342596 1.338638
v -2.476388 0.814639 0.533493
v -2.306290 1.299222 -0.271652
v 1.245271 2.378480 -0.152881
v 1.661570 2.081795 0.369535
v 1.816412 1.720509 0.985767
v 1.686225 1.349625 1.601998
v 1.290828 1.025606 2.124414
v 0.690418 0.797782 2.473481
v -0.023600 0.700837 2.596057
v -0.742522 0.749529 2.473481
v -1.356899 0.936446 2.124414
v -1.773198 1.233131 1.601998
v -1.928040 1.594417 0.985767
v -1.797853 1.965301 0.369535
v -0.090600 2.690475 0.395692
v 0.306744 2.663563 0.463439
v 0.646306 2.560255 0.656367
v 0.876392 2.396279 0.945103
v 0.961973 2.196598 1.285690
v 0.890019 1.991613 1.626278
v 0.671486 1.812530 1.915014
v 0.339642 1.686613 2.107941
v -0.054991 1.633032 2.175688
v -0.452335 1.659943 2.107941
v -0.791898 1.763251 1.915014
v -1.021984 1.927227 1.626278
v -1.107564 2.126908 1.285690
v -1.035611 2.331893 0.945103
v -0.817077 2.510977 0.656367
v -0.485234 2.636894 0.463439
v 0.080222 -2.382271 -1.416842
v -0.080222 2.382271 1.416842
v -0.825592 -5.496562 -0.261717
v -0.825592 -5.496562 0.261717
v -0.304408 -5.543438 0.261717
v -0.304408 -5.543438 -0.261717
v -0.993937 -6.867623 -0.427026
v -0.997619 -6.928999 -0.059499
v -0.626063 -6.987377 -0.072974
v -0.622381 -6.926001 -0.440501
v -1.362062 -8.143396 -0.888995
v -1.368846 -8.256470 -0.586181
v -1.057938 -8.341604 -0.611005
v -1.051154 -8.228530 -0.913819
v -1.232955 -9.853500 -1.750544
v -1.254293 -10.061316 -1.305083
v -0.787045 -10.006500 -1.249456
v -0.765707 -9.798684 -1.694917
v -1.307900 -14.722741 -3.079489
v -1.173929 -14.894169 -2.725747
v -0.832100 -15.047259 -2.920511
v -0.966071 -14.875831 -3.274253
v -2.380000 -16.350000 -3.000000
v -2.141382 -15.784416 -3.085705
v -1.990256 -15.911434 -2.713886
v -1.708618 -16.145584 -2.914295
v -1.859744 -16.018566 -3.286114
v 0.659774 -16.364929 -3.289320
v 0.658532 -16.476043 -2.719302
v 1.240226 -16.395071 -2.710680
v 1.241468 -16.283957 -3.280698
v 3.000000 -18.000000 -5.000000
v 1.748651 -17.702984 -4.375394
v 1.853270 -18.179527 -3.924288
v 2.491349 -17.917016 -3.624606
v 2.386730 -17.440473 -4.075712
v -2.316016 2.520886 -0.685454
v -2.266363 2.238114 -1.067431
v -2.043984 2.469114 -1.314546
v -2.093637 2.751886 -0.932569
v -3.233444 1.964699 -0.704940
v -3.040490 1.647582 -0.916183
v -3.146556 1.825301 -1.295060
v -3.339510 2.142418 -1.083817
v -4.038092 0.981120 -0.714112
v -3.752291 0.744071 -0.910884
v -3.901908 0.868880 -1.285888
v -4.187709 1.105929 -1.089116
v -4.159707 -0.140846 -0.743137
v -3.837575 -0.143922 -0.885352
v -3.960293 -0.119154 -1.256863
v -4.282425 -0.116078 -1.114648
v -4.288729 -1.394146 -1.279278
v -3.933296 -1.364442 -1.363788
v -3.971271 -1.275854 -1.720722
v -4.326704 -1.305558 -1.636212
v -5.096853 -2.358667 -1.786801
v -4.838039 -2.544368 -1.903652
v -4.873147 -2.361333 -2.213199
v -5.131961 -2.175632 -2.096348
v -6.068910 -3.284001 -2.270313
v -5.821291 -3.474765 -2.434651
v -5.881090 -3.265999 -2.729687
v -6.128709 -3.075235 -2.565349
v -6.698960 -4.527869 -2.293965
v -6.449537 -4.691239 -2.474170
v -6.601040 -4.572131 -2.706035
v -6.850463 -4.408761 -2.525830
v -7.019810 -5.817336 -1.746717
v -6.821582 -5.956542 -2.040888
v -7.140190 -5.912664 -2.253283
v -7.338418 -5.773458 -1.959112
v -7.770780 -6.721848 -1.680726
v -7.587899 -6.911651 -2.028564
v -7.829220 -6.708152 -2.319274
v -8.012101 -6.518349 -1.971436
v -9.120000 -6.470000 -2.000000
v -8.700015 -6.665497 -1.743352
v -8.701825 -6.923970 -1.972402
v -8.719985 -6.714503 -2.256648
v -8.718175 -6.456030 -2.027598
v 1.095020 3.834904 -2.388379
v 1.068687 3.639070 -2.654421
v 1.384980 3.545096 -2.611621
v 1.411313 3.740930 -2.345579
v 1.739903 5.069783 -2.906842
v 1.757611 4.967300 -3.154877
v 2.020097 4.860217 -3.093158
v 2.002389 4.962700 -2.845123
v 2.190000 6.520000 -3.000000
v 2.059225 6.194616 -2.900118
v 2.115079 6.182346 -3.158503
v 2.360775 6.125384 -3.099882
v 2.304921 6.137654 -2.841497
v -0.376117 4.012955 -1.775858
v -0.399196 3.903396 -2.202434
v 0.046117 3.967045 -2.224142
v 0.069196 4.076604 -1.797566
v -0.851262 4.949871 -2.263305
v -0.812510 4.748510 -2.675552
v -0.338738 4.920129 -2.736695
v -0.377490 5.121490 -2.324448
v -1.912552 5.609413 -3.239588
v -1.819001 5.229724 -3.572134
v -1.447448 5.490587 -3.760412
v -1.540999 5.870276 -3.427866
v -5.085303 6.051797 -5.822766
v -4.903331 5.764830 -5.883023
v -4.824697 5.858203 -6.177234
v -5.006669 6.145170 -6.116977
v -6.031497 5.214046 -5.746733
v -5.708580 4.885418 -5.789747
v -5.738503 4.915954 -6.253267
v -6.061420 5.244582 -6.210253
v -7.020000 3.210000 -6.000000
v -6.860087 3.995076 -5.735229
v -6.463968 3.719872 -5.779324
v -6.499913 3.744924 -6.264771
v -6.896032 4.020128 -6.220676
v -3.809238 7.530461 -7.221579
v -3.614624 7.117580 -7.386008
v -3.170275 7.301549 -7.322036
v -3.364889 7.714430 -7.157607
v -3.835090 8.016597 -8.463664
v -3.637976 7.598410 -8.630206
v -3.187918 7.784743 -8.565413
v -3.385032 8.202930 -8.398870
v -4.725499 9.696285 -8.859876
v -4.787541 9.893001 -9.232812
v -4.374501 10.083715 -9.140124
v -4.312459 9.886999 -8.767188
v -4.792900 11.022165 -9.396852
v -4.699824 10.813281 -9.710706
v -4.267100 10.857835 -9.603148
v -4.360176 11.066719 -9.289294
v -4.592442 11.805769 -10.441914
v -4.499742 11.454346 -10.666597
v -4.087558 11.494231 -10.558086
v -4.180258 11.845654 -10.333403
v -4.568883 12.744021 -10.897142
v -4.481675 12.612562 -11.192094
v -4.121117 12.655979 -11.102858
v -4.208325 12.787438 -10.807906
v -5.405883 13.761801 -10.853136
v -5.310428 13.835191 -11.277032
v -4.984117 14.048199 -11.146864
v -5.079572 13.974809 -10.722968
v -6.633170 14.591966 -10.849384
v -6.531366 14.725316 -11.318434
v -6.246830 15.098034 -11.150616
v -6.348634 14.964684 -10.681566
v -7.236163 15.623447 -10.887723
v -7.122988 15.702882 -11.258618
v -6.843837 15.916553 -11.112277
v -6.957012 15.837118 -10.741382
v -7.485312 16.720964 -10.927173
v -7.365485 16.751842 -11.196638
v -7.104688 16.819036 -11.072827
v -7.224515 16.788158 -10.803362
v -8.380875 17.466803 -10.462254
v -8.300571 17.731776 -10.791986
v -7.959125 17.903197 -10.537746
v -8.039429 17.638224 -10.208014
v -9.610000 18.580000 -10.000000
v -9.455126 18.044063 -9.986834
v -9.361899 18.406971 -10.341602
v -9.064874 18.675937 -10.013166
v -9.158101 18.313029 -9.658398
v -2.441843 10.326820 -12.554393
v -2.296204 10.030514 -12.653046
v -2.028157 10.093180 -12.445607
v -2.173796 10.389486 -12.346954
v -2.078712 10.997237 -13.010573
v -1.905997 10.854289 -13.191108
v -1.651288 10.862763 -12.989427
v -1.824003 11.005711 -12.808892
v -1.995283 11.847742 -12.464833
v -1.789929 11.924540 -12.706264
v -1.514717 11.832258 -12.535167
v -1.720071 11.755460 -12.293736
v -1.855364 12.890737 -11.923750
v -1.690484 12.971135 -12.206767
v -1.374636 12.869263 -12.076250
v -1.539516 12.788865 -11.793233
v -2.044837 14.042160 -11.902477
v -1.903319 14.061405 -12.246252
v -1.575163 14.097840 -12.097523
v -1.716681 14.078595 -11.753748
v -2.501214 15.293229 -11.905823
v -2.339183 15.345888 -12.265205
v -1.998786 15.456771 -12.094177
v -2.160817 15.404112 -11.734795
v -2.491251 16.900399 -12.427479
v -2.300109 16.813274 -12.772746
v -1.928749 16.879601 -12.572521
v -2.119891 16.966726 -12.227254
v -2.069991 18.441544 -12.940807
v -1.819636 18.261572 -13.331592
v -1.420009 18.178456 -13.059193
v -1.670364 18.358428 -12.668408
v -1.793575 19.734518 -13.405474
v -1.565279 19.539064 -13.827720
v -1.126425 19.475482 -13.594526
v -1.354721 19.670936 -13.172280
v -1.641344 21.095052 -13.888435
v -1.515764 20.966738 -14.226560
v -1.138656 20.994948 -14.111565
v -1.264236 21.123262 -13.773440
v -2.010000 22.770000 -13.000000
v -1.893810 22.183344 -13.431356
v -1.795410 22.336057 -13.716125
v -1.456190 22.346656 -13.568644
v -1.554590 22.193943 -13.283875
v 3.197275 1.735354 -1.983839
v 3.188724 1.342083 -2.330589
v 3.432725 1.034646 -2.016161
v 3.441276 1.427917 -1.669411
v 4.895215 2.158075 -2.476100
v 4.897116 1.899518 -2.752672
v 5.024785 1.641925 -2.523900
v 5.022884 1.900482 -2.247328
v 6.208423 2.867306 -3.207564
v 6.197370 2.648581 -3.459540
v 6.406577 2.447694 -3.292436
v 6.417630 2.666419 -3.040460
v 7.182273 3.539844 -3.706140
v 7.194581 3.366883 -3.929476
v 7.382727 3.205156 -3.793860
v 7.370419 3.378117 -3.570524
v 9.060000 7.070000 -3.000000
v 8.640451 6.650946 -2.944853
v 8.879917 6.719795 -3.250141
v 9.209549 6.559054 -3.055147
v 8.970083 6.490205 -2.749859
v 9.675452 5.388646 -3.994432
v 9.682559 5.090154 -4.304144
v 9.689931 4.780530 -4.005568
v 9.682824 5.079021 -3.695856
v 12.460139 4.245956 -4.000000
v 11.162953 2.841932 -5.143830
v 10.816204 2.788353 -5.183809
v 10.787325 2.699979 -4.856170
v 11.134074 2.753558 -4.816191
v 11.353676 1.475688 -5.663828
v 10.918776 1.471354 -5.722874
v 10.846602 1.316224 -5.336172
v 11.281502 1.320557 -5.277126
v 11.760139 0.175956 -7.000000
v 11.663369 0.662443 -6.590488
v 11.217908 0.630545 -6.722095
v 11.176909 0.279468 -6.409512
v 11.622370 0.311366 -6.277905
v -2.706939 -4.596638 0.648504
v -2.713052 -4.493731 1.302496
v -2.143061 -4.823362 1.351496
v -2.136948 -4.926269 0.697504
v -3.288091 -6.108600 0.235162
v -3.388977 -6.180578 0.685925
v -2.981909 -6.421400 0.764838
v -2.881023 -6.349422 0.314075
v -3.747176 -7.921294 -0.255361
v -3.888532 -7.986016 0.137001
v -3.492824 -8.128706 0.255361
v -3.351468 -8.063984 -0.137001
v -4.781837 -9.374599 -0.327083
v -4.897522 -9.280394 0.172252
v -4.518163 -9.575401 0.327083
v -4.402478 -9.669606 -0.172252
v -5.675831 -10.793380 -0.825280
v -5.879817 -10.768115 -0.381554
v -5.544169 -11.096620 -0.174720
v -5.340183 -11.121885 -0.618446
v -5.555627 -12.294522 -1.770466
v -5.869395 -12.495515 -1.518507
v -5.554373 -12.665478 -1.229534
v -5.240605 -12.464485 -1.481493
v -5.013286 -13.623702 -2.274007
v -5.333716 -13.829455 -2.063738
v -5.066714 -13.856298 -1.725993
v -4.746284 -13.650545 -1.936262
v -5.074942 -15.199733 -1.727842
v -5.344353 -15.171481 -1.552214
v -5.145058 -15.090267 -1.272158
v -4.875647 -15.118519 -1.447786
v -5.326970 -16.996528 -1.239564
v -5.613903 -16.921284 -1.048900
v -5.393030 -16.873472 -0.760436
v -5.106097 -16.948716 -0.951100
v -5.145681 -18.962179 -1.265460
v -5.444277 -18.986616 -1.034474
v -5.214319 -18.967821 -0.734540
v -4.915723 -18.943384 -0.965526
v -4.562797 -20.221823 -1.238460
v -4.778853 -20.380270 -1.057558
v -4.637203 -20.298177 -0.761540
v -4.421147 -20.139730 -0.942442
v -4.200000 -22.080000 -2.000000
v -4.091486 -21.189614 -1.748245
v -4.392594 -21.370928 -1.596402
v -4.268514 -21.420386 -1.251755
v -3.967406 -21.239072 -1.403598
v -0.517516 -11.408345 -2.332518
v -0.576316 -11.595315 -1.785423
v -0.060125 -11.356238 -1.667482
v -0.001325 -11.169269 -2.214577
v 0.052955 -12.562633 -1.929429
v 0.457224 -12.403746 -1.875359
v 0.496097 -12.300227 -2.316323
v -0.345570 -12.717775 -2.540577
v -0.304654 -13.170390 -2.325018
v 0.082176 -13.431558 -2.553696
v 0.041261 -12.978944 -2.769255
v 0.317954 -14.024745 -2.879578
v 0.322212 -14.207635 -2.373991
v 0.858739 -14.173532 -2.366174
v 0.854481 -13.990642 -2.871761
v -0.735450 -13.762312 -2.929716
v -0.639861 -14.001760 -2.605288
v -0.289771 -14.117908 -2.794162
v -0.385361 -13.878460 -3.118591
v -2.946352 6.025737 -3.969440
v -2.863764 5.667957 -4.299497
v -2.540443 5.951808 -4.527150
v -2.623031 6.309588 -4.197093
v -3.701889 6.351447 -4.798439
v -3.576064 6.006801 -5.014157
v -3.278225 6.227914 -5.235355
v -2.988098 6.603569 -5.147840
v -3.478658 6.889976 -5.256735
v -3.880387 6.820656 -5.696580
v -3.389826 6.534249 -5.587685
v -4.419175 6.426655 -5.600225
v -4.261424 6.119268 -5.695084
v -4.064144 6.295160 -5.936979
v -4.221896 6.602547 -5.842120
v -3.786310 7.099320 -6.120004
v -3.593914 6.691143 -6.282560
v -3.154628 6.873015 -6.219317
v -3.347024 7.281192 -6.056761
v -3.967035 8.357158 -9.230968
v -3.748509 7.909333 -9.461006
v -3.252622 8.142233 -9.434428
v -3.471148 8.590058 -9.204391
v -3.786494 8.234266 -10.185596
v -3.273422 8.430256 -10.002711
v -3.528248 8.934145 -9.761922
v -4.122630 8.440134 -9.510101
v -4.278161 8.593962 -10.032677
v -3.942778 9.070665 -10.085320
v -3.787248 8.916837 -9.562744
v -3.391442 9.505388 -11.218090
v -3.170628 9.071099 -11.372160
v -2.773643 9.163633 -11.064031
v -2.994456 9.597923 -10.909961
v -4.367556 8.581636 -9.189183
v -4.585297 8.986999 -9.570179
v -4.116532 9.341007 -9.461432
v -3.898791 8.935645 -9.080435
v 7.826449 4.203161 -3.941246
v 7.911548 4.072081 -4.215624
v 8.141229 3.903216 -4.058754
v 8.056131 4.034297 -3.784376
v 8.182287 5.099536 -3.668894
v 8.424607 5.154367 -3.980780
v 8.500690 4.880784 -3.464800
v 8.657286 4.470022 -4.042095
v 8.832918 4.928966 -3.582390
v 8.970355 5.531179 -3.734591
v 8.794722 5.072235 -4.194296
v 8.439712 5.914369 -3.194298
v 8.748130 6.117908 -3.457298
v 9.077907 5.884404 -3.251283
v 8.769489 5.680865 -2.988283
v 9.115095 5.395538 -3.994062
v 9.122675 5.077194 -4.324372
v 9.130537 4.746977 -4.005938
v 9.122958 5.065321 -3.675628
v 10.155481 5.399828 -3.994436
v 10.162582 5.101579 -4.303897
v 10.169948 4.792206 -4.005564
v 10.162847 5.090455 -3.696103
v 10.624704 5.326762 -4.002306
v 10.566288 5.047113 -4.290860
v 10.570576 5.050820 -3.709140
v 10.416503 4.673576 -4.288326
v 10.506930 4.560970 -3.986528
v 10.776738 4.561559 -4.113136
v 10.686311 4.674165 -4.414934
v 11.770338 4.911398 -4.011071
v 11.633372 4.611983 -4.318184
v 11.505616 4.332704 -3.988929
v 11.642583 4.632119 -3.681816
v 10.924754 4.097162 -4.830048
v 10.591493 4.062314 -4.857957
v 10.586466 3.882758 -4.573720
v 10.919727 3.917606 -4.545812
v -0.666563 -3.722355 -0.137585
v -0.563930 -3.714902 0.473850
v -0.054518 -3.776953 0.232757
v -0.157151 -3.784406 -0.378677
v -1.768511 2.383119 -0.636505
v -1.675277 2.208902 -1.240940
v -1.155179 2.543455 -1.187091
v -1.248412 2.717672 -0.582656
v 0.524289 3.050339 -1.232167
v 0.326066 2.838346 -1.691171
v 0.781542 2.654271 -1.879754
v 0.979765 2.866265 -1.420750
v -0.572238 2.939159 -1.423389
v -0.390597 2.740734 -1.883608
v 0.062085 2.885954 -1.688532
v -0.119556 3.084378 -1.228313
v 2.197443 1.703964 -1.322367
v 2.069951 1.337484 -1.873192
v 2.493631 0.853633 -1.668492
v 2.621123 1.220114 -1.117668
v -1.902229 -3.083010 0.599358
v -1.791952 -2.920444 1.312032
v -1.158675 -3.267568 1.224238
v -1.268951 -3.430134 0.511564
v 0.333603 -1.206071 -2.435717
v 0.878216 -1.302310 -2.243064
v 1.299217 -1.499848 -1.887089
v 1.532512 -1.768610 -1.421985
v 1.542583 -2.067680 -0.918559
v 1.327897 -2.351527 -0.453455
v 0.921139 -2.576939 -0.097480
v 0.384233 -2.709598 0.095172
v -0.745695 -2.633068 -0.097480
v -1.166696 -2.435531 -0.453455
v -1.399990 -2.166769 -0.918559
v -1.410061 -1.867699 -1.421985
v -1.195376 -1.583852 -1.887089
v -0.788617 -1.358440 -2.243064
v -0.251712 -1.225781 -2.435717
v 0.444379 -0.174925 -2.675822
v 1.259452 -0.318958 -2.387498
v 1.889524 -0.614593 -1.854743
v 2.238674 -1.016824 -1.158665
v 2.253746 -1.464414 -0.405236
v 1.932446 -1.889222 0.290841
v 1.323689 -2.226574 0.823596
v 0.520153 -2.425112 1.111921
v -0.355831 -2.454611 1.111921
v -1.800976 -2.014943 0.290841
v -2.150126 -1.612712 -0.405236
v -2.165198 -1.165122 -1.158665
v -1.843898 -0.740314 -1.854743
v -1.235141 -0.402962 -2.387498
v -0.431605 -0.204424 -2.675822
v 0.487504 0.882851 -2.508558
v 1.448947 0.712953 -2.168456
v 2.192168 0.364227 -1.540029
v 2.604018 -0.110236 -0.718950
v 2.621797 -0.638205 0.169780
v 2.242798 -1.139300 0.990860
v 1.524720 -1.537234 1.619287
v 0.576885 -1.771426 1.959389
v -0.456410 -1.806221 1.959389
v -1.417853 -1.636323 1.619287
v -2.161074 -1.287597 0.990860
v -2.572924 -0.813134 0.169780
v -2.590703 -0.285165 -0.718950
v -2.211704 0.215929 -1.540029
v -1.493626 0.613864 -2.168456
v -0.545791 0.848055 -2.508558
v 0.456410 1.806221 -1.959389
v 1.417853 1.636323 -1.619287
v 2.572924 0.813134 -0.169780
v 2.590703 0.285165 0.718950
v 2.211704 -0.215929 1.540029
v 1.493626 -0.613864 2.168456
v 0.545791 -0.848055 2.508558
v -0.487504 -0.882851 2.508558
v -1.448947 -0.712953 2.168456
v -2.192168 -0.364227 1.540029
v -2.604018 0.110236 0.718950
v -2.621797 0.638205 -0.169780
v -2.242798 1.139300 -0.990860
v -1.524720 1.537234 -1.619287
v -0.576885 1.771426 -1.959389
v 1.170904 2.310578 -0.823596
v 1.800976 2.014943 -0.290841
v 2.150126 1.612712 0.405236
v 2.165198 1.165122 1.158665
v 1.843898 0.740314 1.854743
v 1.235141 0.402962 2.387498
v 0.431605 0.204424 2.675822
v -0.444379 0.174925 2.675822
v -1.259452 0.318958 2.387498
v -1.889524 0.614593 1.854743
v -2.238674 1.016824 1.158665
v -2.253746 1.464414 0.405236
v -1.932446 1.889222 -0.290841
v 0.201081 2.729308 -0.095172
v 0.745695 2.633068 0.097480
v 1.166696 2.435531 0.453455
v 1.399990 2.166769 0.918559
v 1.410061 1.867699 1.421985
v 1.195376 1.583852 1.887089
v 0.788617 1.358440 2.243064
v 0.251712 1.225781 2.435717
v -0.333603 1.206071 2.435717
v -0.878216 1.302310 2.243064
v -1.299217 1.499848 1.887089
v -1.532512 1.768610 1.421985
v -1.542583 2.067680 0.918559
v -1.327897 2.351527 0.453455
v -0.921139 2.576939 0.097480
v -0.384233 2.709598 -0.095172
v 0.202300 -1.933843 -1.954711
v 0.457290 -1.978903 -1.864510
v 0.654405 -2.071391 -1.697841
v 0.763634 -2.197226 -1.480077
v 0.768350 -2.337252 -1.244371
v 0.667833 -2.470151 -1.026607
v 0.477387 -2.575689 -0.859938
v 0.226005 -2.637801 -0.769737
v -0.048042 -2.647029 -0.769737
v -0.303032 -2.601970 -0.859938
v -0.500147 -2.509482 -1.026607
v -0.609376 -2.383646 -1.244371
v -0.614091 -2.243620 -1.480077
v -0.513575 -2.110722 -1.697841
v -0.323129 -2.005183 -1.864510
v -0.071747 -1.943071 -1.954711
v 0.048042 2.647029 0.769737
v 0.303032 2.601970 0.859938
v 0.500147 2.509482 1.026607
v 0.609376 2.383646 1.244371
v 0.614091 2.243620 1.480077
v 0.513575 2.110722 1.697841
v 0.323129 2.005183 1.864510
v 0.071747 1.943071 1.954711
v -0.202300 1.933843 1.954711
v -0.457290 1.978903 1.864510
v -0.654405 2.071391 1.697841
v -0.763634 2.197226 1.480077
v -0.768350 2.337252 1.244371
v -0.667833 2.470151 1.026607
v -0.477387 2.575689 0.859938
v -0.226005 2.637801 0.769737
f 1601 537 2127 540
f 1602 538 2127 537
f 1603 539 2127 538
f 1604 540 2127 539
f 1602 541 2128 538
f 1605 542 2128 541
f 1606 543 2128 542
f 1603 538 2128 543
f 1605 544 2129 542
f 1607 545 2129 544
f 1608 546 2129 545
f 1606 542 2129 546
f 1607 547 2130 545
f 1601 540 2130 547
f 1604 548 2130 540
f 1608 545 2130 548
f 1609 549 2131 551
f 1610 550 2131 549
f 1602 537 2131 550
f 1601 551 2131 537
f 1610 552 2132 550
f 1611 553 2132 552
f 1605 541 2132 553
f 1602 550 2132 541
f 1611 554 2133 553
f 1612 555 2133 554
f 1607 544 2133 555
f 1605 553 2133 544
f 1612 556 2134 555
f 1609 551 2134 556
f 1601 547 2134 551
f 1607 555 2134 547
f 1613 557 2135 559
f 1614 558 2135 557
f 1610 549 2135 558
f 1609 559 2135 549
f 1614 560 2136 558
f 1615 561 2136 560
f 1611 552 2136 561
f 1610 558 2136 552
f 1615 562 2137 561
f 1616 563 2137 562
f 1612 554 2137 563
f 1611 561 2137 554
f 1616 564 2138 563
f 1613 559 2138 564
f 1609 556 2138 559
f 1612 563 2138 556
f 1617 565 2139 567
f 1618 566 2139 565
f 1614 557 2139 566
f 1613 567 2139 557
f 1618 568 2140 566
f 1619 569 2140 568
f 1615 560 2140 569
f 1614 566 2140 560
f 1619 570 2141 569
f 1620 571 2141 570
f 1616 562 2141 571
f 1615 569 2141 562
f 1620 572 2142 571
f 1617 567 2142 572
f 1613 564 2142 567
f 1616 571 2142 564
f 1621 573 2143 576
f 1622 574 2143 573
f 1623 575 2143 574
f 1624 576 2143 575
f 1622 577 2144 574
f 1625 578 2144 577
f 1626 579 2144 578
f 1623 574 2144 579
f 1625 580 2145 578
f 1627 581 2145 580
f 1628 582 2145 581
f 1626 578 2145 582
f 1627 583 2146 581
f 1621 576 2146 583
f 1624 584 2146 576
f 1628 581 2146 584
f 1629 585 2147 588
f 1630 586 2147 585
f 1631 587 2147 586
f 1632 588 2147 587
f 1632 587 2148 590
f 1631 589 2148 587
f 1622 573 2148 589
f 1621 590 2148 573
f 1631 586 2149 589
f 1630 591 2149 586
f 1625 577 2149 591
f 1622 589 2149 577
f 1630 585 2150 591
f 1629 592 2150 585
f 1627 580 2150 592
f 1625 591 2150 580
f 1629 588 2151 592
f 1632 590 2151 588
f 1621 583 2151 590
f 1627 592 2151 583
f 1633 593 2152 596
f 1634 594 2152 593
f 1635 595 2152 594
f 1636 596 2152 595
f 1634 597 2153 594
f 1637 598 2153 597
f 1638 599 2153 598
f 1635 594 2153 599
f 1637 600 2154 598
f 1639 601 2154 600
f 1640 602 2154 601
f 1638 598 2154 602
f 1639 603 2155 601
f 1633 596 2155 603
f 1636 604 2155 596
f 1640 601 2155 604
f 1641 605 2156 608
f 1642 606 2156 605
f 1643 607 2156 606
f 1644 608 2156 607
f 1644 607 2157 610
f 1643 609 2157 607
f 1634 593 2157 609
f 1633 610 2157 593
f 1643 606 2158 609
f 1642 611 2158 606
f 1637 597 2158 611
f 1634 609 2158 597
f 1642 605 2159 611
f 1641 612 2159 605
f 1639 600 2159 612
f 1637 611 2159 600
f 1641 608 2160 612
f 1644 610 2160 608
f 1633 603 2160 610
f 1639 612 2160 603
f 1645 613 2161 616
f 1646 614 2161 613
f 1647 615 2161 614
f 1648 616 2161 615
f 1646 617 2162 614
f 1649 618 2162 617
f 1650 619 2162 618
f 1647 614 2162 619
f 1649 620 2163 618
f 1651 621 2163 620
f 1652 622 2163 621
f 1650 618 2163 622
f 1651 623 2164 621
f 1645 616 2164 623
f 1648 624 2164 616
f 1652 621 2164 624
f 1653 625 2165 627
f 1654 626 2165 625
f 1646 613 2165 626
f 1645 627 2165 613
f 1654 628 2166 626
f 1655 629 2166 628
f 1649 617 2166 629
f 1646 626 2166 617
f 1655 630 2167 629
f 1656 631 2167 630
f 1651 620 2167 631
f 1649 629 2167 620
f 1656 632 2168 631
f 1653 627 2168 632
f 1645 623 2168 627
f 1651 631 2168 623
f 1657 633 2169 635
f 1658 634 2169 633
f 1654 625 2169 634
f 1653 635 2169 625
f 1658 636 2170 634
f 1659 637 2170 636
f 1655 628 2170 637
f 1654 634 2170 628
f 1659 638 2171 637
f 1660 639 2171 638
f 1656 630 2171 639
f 1655 637 2171 630
f 1660 640 2172 639
f 1657 635 2172 640
f 1653 632 2172 635
f 1656 639 2172 632
f 1661 641 2173 643
f 1662 642 2173 641
f 1658 633 2173 642
f 1657 643 2173 633
f 1662 644 2174 642
f 1663 645 2174 644
f 1659 636 2174 645
f 1658 642 2174 636
f 1663 646 2175 645
f 1664 647 2175 646
f 1660 638 2175 647
f 1659 645 2175 638
f 1664 648 2176 647
f 1661 643 2176 648
f 1657 640 2176 643
f 1660 647 2176 640
f 1665 649 2177 651
f 1666 650 2177 649
f 1662 641 2177 650
f 1661 651 2177 641
f 1666 652 2178 650
f 1667 653 2178 652
f 1663 644 2178 653
f 1662 650 2178 644
f 1667 654 2179 653
f 1668 655 2179 654
f 1664 646 2179 655
f 1663 653 2179 646
f 1668 656 2180 655
f 1665 651 2180 656
f 1661 648 2180 651
f 1664 655 2180 648
f 1669 657 2181 659
f 1670 658 2181 657
f 1666 649 2181 658
f 1665 659 2181 649
f 1670 660 2182 658
f 1671 661 2182 660
f 1667 652 2182 661
f 1666 658 2182 652
f 1671 662 2183 661
f 1672 663 2183 662
f 1668 654 2183 663
f 1667 661 2183 654
f 1672 664 2184 663
f 1669 659 2184 664
f 1665 656 2184 659
f 1668 663 2184 656
f 1673 665 2185 667
f 1674 666 2185 665
f 1670 657 2185 666
f 1669 667 2185 657
f 1674 668 2186 666
f 1675 669 2186 668
f 1671 660 2186 669
f 1670 666 2186 660
f 1675 670 2187 669
f 1676 671 2187 670
f 1672 662 2187 671
f 1671 669 2187 662
f 1676 672 2188 671
f 1673 667 2188 672
f 1669 664 2188 667
f 1672 671 2188 664
f 1677 673 2189 675
f 1678 674 2189 673
f 1674 665 2189 674
f 1673 675 2189 665
f 1678 676 2190 674
f 1679 677 2190 676
f 1675 668 2190 677
f 1674 674 2190 668
f 1679 678 2191 677
f 1680 679 2191 678
f 1676 670 2191 679
f 1675 677 2191 670
f 1680 680 2192 679
f 1677 675 2192 680
f 1673 672 2192 675
f 1676 679 2192 672
f 1681 681 2193 683
f 1682 682 2193 681
f 1678 673 2193 682
f 1677 683 2193 673
f 1682 684 2194 682
f 1683 685 2194 684
f 1679 676 2194 685
f 1678 682 2194 676
f 1683 686 2195 685
f 1684 687 2195 686
f 1680 678 2195 687
f 1679 685 2195 678
f 1684 688 2196 687
f 1681 683 2196 688
f 1677 680 2196 683
f 1680 687 2196 680
f 1685 689 2197 691
f 1686 690 2197 689
f 1682 681 2197 690
f 1681 691 2197 681
f 1686 692 2198 690
f 1687 693 2198 692
f 1683 684 2198 693
f 1682 690 2198 684
f 1687 694 2199 693
f 1688 695 2199 694
f 1684 686 2199 695
f 1683 693 2199 686
f 1688 696 2200 695
f 1685 691 2200 696
f 1681 688 2200 691
f 1684 695 2200 688
f 1689 697 2201 700
f 1690 698 2201 697
f 1691 699 2201 698
f 1692 700 2201 699
f 1692 699 2202 702
f 1691 701 2202 699
f 1686 689 2202 701
f 1685 702 2202 689
f 1691 698 2203 701
f 1690 703 2203 698
f 1687 692 2203 703
f 1686 701 2203 692
f 1690 697 2204 703
f 1689 704 2204 697
f 1688 694 2204 704
f 1687 703 2204 694
f 1689 700 2205 704
f 1692 702 2205 700
f 1685 696 2205 702
f 1688 704 2205 696
f 1693 705 2206 708
f 1694 706 2206 705
f 1695 707 2206 706
f 1696 708 2206 707
f 1694 709 2207 706
f 1697 710 2207 709
f 1698 711 2207 710
f 1695 706 2207 711
f 1697 712 2208 710
f 1699 713 2208 712
f 1700 714 2208 713
f 1698 710 2208 714
f 1699 715 2209 713
f 1693 708 2209 715
f 1696 716 2209 708
f 1700 713 2209 716
f 1701 717 2210 719
f 1702 718 2210 717
f 1694 705 2210 718
f 1693 719 2210 705
f 1702 720 2211 718
f 1703 721 2211 720
f 1697 709 2211 721
f 1694 718 2211 709
f 1703 722 2212 721
f 1704 723 2212 722
f 1699 712 2212 723
f 1697 721 2212 712
f 1704 724 2213 723
f 1701 719 2213 724
f 1693 715 2213 719
f 1699 723 2213 715
f 1705 725 2214 728
f 1706 726 2214 725
f 1707 727 2214 726
f 1708 728 2214 727
f 1708 727 2215 730
f 1707 729 2215 727
f 1702 717 2215 729
f 1701 730 2215 717
f 1707 726 2216 729
f 1706 731 2216 726
f 1703 720 2216 731
f 1702 729 2216 720
f 1706 725 2217 731
f 1705 732 2217 725
f 1704 722 2217 732
f 1703 731 2217 722
f 1705 728 2218 732
f 1708 730 2218 728
f 1701 724 2218 730
f 1704 732 2218 724
f 1709 733 2219 736
f 1710 734 2219 733
f 1711 735 2219 734
f 1712 736 2219 735
f 1710 737 2220 734
f 1713 738 2220 737
f 1714 739 2220 738
f 1711 734 2220 739
f 1713 740 2221 738
f 1715 741 2221 740
f 1716 742 2221 741
f 1714 738 2221 742
f 1715 743 2222 741
f 1709 736 2222 743
f 1712 744 2222 736
f 1716 741 2222 744
f 1717 745 2223 747
f 1718 746 2223 745
f 1710 733 2223 746
f 1709 747 2223 733
f 1718 748 2224 746
f 1719 749 2224 748
f 1713 737 2224 749
f 1710 746 2224 737
f 1719 750 2225 749
f 1720 751 2225 750
f 1715 740 2225 751
f 1713 749 2225 740
f 1720 752 2226 751
f 1717 747 2226 752
f 1709 743 2226 747
f 1715 751 2226 743
f 1721 753 2227 755
f 1722 754 2227 753
f 1718 745 2227 754
f 1717 755 2227 745
f 1722 756 2228 754
f 1723 757 2228 756
f 1719 748 2228 757
f 1718 754 2228 748
f 1723 758 2229 757
f 1724 759 2229 758
f 1720 750 2229 759
f 1719 757 2229 750
f 1724 760 2230 759
f 1721 755 2230 760
f 1717 752 2230 755
f 1720 759 2230 752
f 1725 761 2231 764
f 1726 762 2231 761
f 1727 763 2231 762
f 1728 764 2231 763
f 1726 765 2232 762
f 1729 766 2232 765
f 1730 767 2232 766
f 1727 762 2232 767
f 1729 768 2233 766
f 1731 769 2233 768
f 1732 770 2233 769
f 1730 766 2233 770
f 1731 771 2234 769
f 1725 764 2234 771
f 1728 772 2234 764
f 1732 769 2234 772
f 1733 773 2235 775
f 1734 774 2235 773
f 1726 761 2235 774
f 1725 775 2235 761
f 1734 776 2236 774
f 1735 777 2236 776
f 1729 765 2236 777
f 1726 774 2236 765
f 1735 778 2237 777
f 1736 779 2237 778
f 1731 768 2237 779
f 1729 777 2237 768
f 1736 780 2238 779
f 1733 775 2238 780
f 1725 771 2238 775
f 1731 779 2238 771
f 1737 781 2239 784
f 1738 782 2239 781
f 1739 783 2239 782
f 1740 784 2239 783
f 1740 783 2240 786
f 1739 785 2240 783
f 1734 773 2240 785
f 1733 786 2240 773
f 1739 782 2241 785
f 1738 787 2241 782
f 1735 776 2241 787
f 1734 785 2241 776
f 1738 781 2242 787
f 1737 788 2242 781
f 1736 778 2242 788
f 1735 787 2242 778
f 1737 784 2243 788
f 1740 786 2243 784
f 1733 780 2243 786
f 1736 788 2243 780
f 1741 789 2244 792
f 1742 790 2244 789
f 1743 791 2244 790
f 1744 792 2244 791
f 1742 793 2245 790
f 1745 794 2245 793
f 1746 795 2245 794
f 1743 790 2245 795
f 1745 796 2246 794
f 1747 797 2246 796
f 1748 798 2246 797
f 1746 794 2246 798
f 1747 799 2247 797
f 1741 792 2247 799
f 1744 800 2247 792
f 1748 797 2247 800
f 1749 801 2248 803
f 1750 802 2248 801
f 1742 789 2248 802
f 1741 803 2248 789
f 1750 804 2249 802
f 1751 805 2249 804
f 1745 793 2249 805
f 1742 802 2249 793
f 1751 806 2250 805
f 1752 807 2250 806
f 1747 796 2250 807
f 1745 805 2250 796
f 1752 808 2251 807
f 1749 803 2251 808
f 1741 799 2251 803
f 1747 807 2251 799
f 1753 809 2252 812
f 1754 810 2252 809
f 1755 811 2252 810
f 1756 812 2252 811
f 1754 813 2253 810
f 1757 814 2253 813
f 1758 815 2253 814
f 1755 810 2253 815
f 1757 816 2254 814
f 1759 817 2254 816
f 1760 818 2254 817
f 1758 814 2254 818
f 1759 819 2255 817
f 1753 812 2255 819
f 1756 820 2255 812
f 1760 817 2255 820
f 1761 821 2256 823
f 1762 822 2256 821
f 1754 809 2256 822
f 1753 823 2256 809
f 1762 824 2257 822
f 1763 825 2257 824
f 1757 813 2257 825
f 1754 822 2257 813
f 1763 826 2258 825
f 1764 827 2258 826
f 1759 816 2258 827
f 1757 825 2258 816
f 1764 828 2259 827
f 1761 823 2259 828
f 1753 819 2259 823
f 1759 827 2259 819
f 1765 829 2260 831
f 1766 830 2260 829
f 1762 821 2260 830
f 1761 831 2260 821
f 1766 832 2261 830
f 1767 833 2261 832
f 1763 824 2261 833
f 1762 830 2261 824
f 1767 834 2262 833
f 1768 835 2262 834
f 1764 826 2262 835
f 1763 833 2262 826
f 1768 836 2263 835
f 1765 831 2263 836
f 1761 828 2263 831
f 1764 835 2263 828
f 1769 837 2264 839
f 1770 838 2264 837
f 1766 829 2264 838
f 1765 839 2264 829
f 1770 840 2265 838
f 1771 841 2265 840
f 1767 832 2265 841
f 1766 838 2265 832
f 1771 842 2266 841
f 1772 843 2266 842
f 1768 834 2266 843
f 1767 841 2266 834
f 1772 844 2267 843
f 1769 839 2267 844
f 1765 836 2267 839
f 1768 843 2267 836
f 1773 845 2268 847
f 1774 846 2268 845
f 1770 837 2268 846
f 1769 847 2268 837
f 1774 848 2269 846
f 1775 849 2269 848
f 1771 840 2269 849
f 1770 846 2269 840
f 1775 850 2270 849
f 1776 851 2270 850
f 1772 842 2270 851
f 1771 849 2270 842
f 1776 852 2271 851
f 1773 847 2271 852
f 1769 844 2271 847
f 1772 851 2271 844
f 1777 853 2272 855
f 1778 854 2272 853
f 1774 845 2272 854
f 1773 855 2272 845
f 1778 856 2273 854
f 1779 857 2273 856
f 1775 848 2273 857
f 1774 854 2273 848
f 1779 858 2274 857
f 1780 859 2274 858
f 1776 850 2274 859
f 1775 857 2274 850
f 1780 860 2275 859
f 1777 855 2275 860
f 1773 852 2275 855
f 1776 859 2275 852
f 1781 861 2276 863
f 1782 862 2276 861
f 1778 853 2276 862
f 1777 863 2276 853
f 1782 864 2277 862
f 1783 865 2277 864
f 1779 856 2277 865
f 1778 862 2277 856
f 1783 866 2278 865
f 1784 867 2278 866
f 1780 858 2278 867
f 1779 865 2278 858
f 1784 868 2279 867
f 1781 863 2279 868
f 1777 860 2279 863
f 1780 867 2279 860
f 1785 869 2280 871
f 1786 870 2280 869
f 1782 861 2280 870
f 1781 871 2280 861
f 1786 872 2281 870
f 1787 873 2281 872
f 1783 864 2281 873
f 1782 870 2281 864
f 1787 874 2282 873
f 1788 875 2282 874
f 1784 866 2282 875
f 1783 873 2282 866
f 1788 876 2283 875
f 1785 871 2283 876
f 1781 868 2283 871
f 1784 875 2283 868
f 1789 877 2284 879
f 1790 878 2284 877
f 1786 869 2284 878
f 1785 879 2284 869
f 1790 880 2285 878
f 1791 881 2285 880
f 1787 872 2285 881
f 1786 878 2285 872
f 1791 882 2286 881
f 1792 883 2286 882
f 1788 874 2286 883
f 1787 881 2286 874
f 1792 884 2287 883
f 1789 879 2287 884
f 1785 876 2287 879
f 1788 883 2287 876
f 1793 885 2288 888
f 1794 886 2288 885
f 1795 887 2288 886
f 1796 888 2288 887
f 1796 887 2289 890
f 1795 889 2289 887
f 1790 877 2289 889
f 1789 890 2289 877
f 1795 886 2290 889
f 1794 891 2290 886
f 1791 880 2290 891
f 1790 889 2290 880
f 1794 885 2291 891
f 1793 892 2291 885
f 1792 882 2291 892
f 1791 891 2291 882
f 1793 888 2292 892
f 1796 890 2292 888
f 1789 884 2292 890
f 1792 892 2292 884
f 1797 893 2293 896
f 1798 894 2293 893
f 1799 895 2293 894
f 1800 896 2293 895
f 1798 897 2294 894
f 1801 898 2294 897
f 1802 899 2294 898
f 1799 894 2294 899
f 1801 900 2295 898
f 1803 901 2295 900
f 1804 902 2295 901
f 1802 898 2295 902
f 1803 903 2296 901
f 1797 896 2296 903
f 1800 904 2296 896
f 1804 901 2296 904
f 1805 905 2297 907
f 1806 906 2297 905
f 1798 893 2297 906
f 1797 907 2297 893
f 1806 908 2298 906
f 1807 909 2298 908
f 1801 897 2298 909
f 1798 906 2298 897
f 1807 910 2299 909
f 1808 911 2299 910
f 1803 900 2299 911
f 1801 909 2299 900
f 1808 912 2300 911
f 1805 907 2300 912
f 1797 903 2300 907
f 1803 911 2300 903
f 1809 913 2301 915
f 1810 914 2301 913
f 1806 905 2301 914
f 1805 915 2301 905
f 1810 916 2302 914
f 1811 917 2302 916
f 1807 908 2302 917
f 1806 914 2302 908
f 1811 918 2303 917
f 1812 919 2303 918
f 1808 910 2303 919
f 1807 917 2303 910
f 1812 920 2304 919
f 1809 915 2304 920
f 1805 912 2304 915
f 1808 919 2304 912
f 1813 921 2305 923
f 1814 922 2305 921
f 1810 913 2305 922
f 1809 923 2305 913
f 1814 924 2306 922
f 1815 925 2306 924
f 1811 916 2306 925
f 1810 922 2306 916
f 1815 926 2307 925
f 1816 927 2307 926
f 1812 918 2307 927
f 1811 925 2307 918
f 1816 928 2308 927
f 1813 923 2308 928
f 1809 920 2308 923
f 1812 927 2308 920
f 1817 929 2309 931
f 1818 930 2309 929
f 1814 921 2309 930
f 1813 931 2309 921
f 1818 932 2310 930
f 1819 933 2310 932
f 1815 924 2310 933
f 1814 930 2310 924
f 1819 934 2311 933
f 1820 935 2311 934
f 1816 926 2311 935
f 1815 933 2311 926
f 1820 936 2312 935
f 1817 931 2312 936
f 1813 928 2312 931
f 1816 935 2312 928
f 1821 937 2313 939
f 1822 938 2313 937
f 1818 929 2313 938
f 1817 939 2313 929
f 1822 940 2314 938
f 1823 941 2314 940
f 1819 932 2314 941
f 1818 938 2314 932
f 1823 942 2315 941
f 1824 943 2315 942
f 1820 934 2315 943
f 1819 941 2315 934
f 1824 944 2316 943
f 1821 939 2316 944
f 1817 936 2316 939
f 1820 943 2316 936
f 1825 945 2317 947
f 1826 946 2317 945
f 1822 937 2317 946
f 1821 947 2317 937
f 1826 948 2318 946
f 1827 949 2318 948
f 1823 940 2318 949
f 1822 946 2318 940
f 1827 950 2319 949
f 1828 951 2319 950
f 1824 942 2319 951
f 1823 949 2319 942
f 1828 952 2320 951
f 1825 947 2320 952
f 1821 944 2320 947
f 1824 951 2320 944
f 1829 953 2321 955
f 1830 954 2321 953
f 1826 945 2321 954
f 1825 955 2321 945
f 1830 956 2322 954
f 1831 957 2322 956
f 1827 948 2322 957
f 1826 954 2322 948
f 1831 958 2323 957
f 1832 959 2323 958
f 1828 950 2323 959
f 1827 957 2323 950
f 1832 960 2324 959
f 1829 955 2324 960
f 1825 952 2324 955
f 1828 959 2324 952
f 1833 961 2325 963
f 1834 962 2325 961
f 1830 953 2325 962
f 1829 963 2325 953
f 1834 964 2326 962
f 1835 965 2326 964
f 1831 956 2326 965
f 1830 962 2326 956
f 1835 966 2327 965
f 1836 967 2327 966
f 1832 958 2327 967
f 1831 965 2327 958
f 1836 968 2328 967
f 1833 963 2328 968
f 1829 960 2328 963
f 1832 967 2328 960
f 1837 969 2329 971
f 1838 970 2329 969
f 1834 961 2329 970
f 1833 971 2329 961
f 1838 972 2330 970
f 1839 973 2330 972
f 1835 964 2330 973
f 1834 970 2330 964
f 1839 974 2331 973
f 1840 975 2331 974
f 1836 966 2331 975
f 1835 973 2331 966
f 1840 976 2332 975
f 1837 971 2332 976
f 1833 968 2332 971
f 1836 975 2332 968
f 1841 977 2333 980
f 1842 978 2333 977
f 1843 979 2333 978
f 1844 980 2333 979
f 1844 979 2334 982
f 1843 981 2334 979
f 1838 969 2334 981
f 1837 982 2334 969
f 1843 978 2335 981
f 1842 983 2335 978
f 1839 972 2335 983
f 1838 981 2335 972
f 1842 977 2336 983
f 1841 984 2336 977
f 1840 974 2336 984
f 1839 983 2336 974
f 1841 980 2337 984
f 1844 982 2337 980
f 1837 976 2337 982
f 1840 984 2337 976
f 1845 985 2338 988
f 1846 986 2338 985
f 1847 987 2338 986
f 1848 988 2338 987
f 1846 989 2339 986
f 1849 990 2339 989
f 1850 991 2339 990
f 1847 986 2339 991
f 1849 992 2340 990
f 1851 993 2340 992
f 1852 994 2340 993
f 1850 990 2340 994
f 1851 995 2341 993
f 1845 988 2341 995
f 1848 996 2341 988
f 1852 993 2341 996
f 1853 997 2342 999
f 1854 998 2342 997
f 1846 985 2342 998
f 1845 999 2342 985
f 1854 1000 2343 998
f 1855 1001 2343 1000
f 1849 989 2343 1001
f 1846 998 2343 989
f 1855 1002 2344 1001
f 1856 1003 2344 1002
f 1851 992 2344 1003
f 1849 1001 2344 992
f 1856 1004 2345 1003
f 1853 999 2345 1004
f 1845 995 2345 999
f 1851 1003 2345 995
f 1857 1005 2346 1007
f 1858 1006 2346 1005
f 1854 997 2346 1006
f 1853 1007 2346 997
f 1858 1008 2347 1006
f 1859 1009 2347 1008
f 1855 1000 2347 1009
f 1854 1006 2347 1000
f 1859 1010 2348 1009
f 1860 1011 2348 1010
f 1856 1002 2348 1011
f 1855 1009 2348 1002
f 1860 1012 2349 1011
f 1857 1007 2349 1012
f 1853 1004 2349 1007
f 1856 1011 2349 1004
f 1861 1013 2350 1015
f 1862 1014 2350 1013
f 1858 1005 2350 1014
f 1857 1015 2350 1005
f 1862 1016 2351 1014
f 1863 1017 2351 1016
f 1859 1008 2351 1017
f 1858 1014 2351 1008
f 1863 1018 2352 1017
f 1864 1019 2352 1018
f 1860 1010 2352 1019
f 1859 1017 2352 1010
f 1864 1020 2353 1019
f 1861 1015 2353 1020
f 1857 1012 2353 1015
f 1860 1019 2353 1012
f 1865 1021 2354 1024
f 1866 1022 2354 1021
f 1867 1023 2354 1022
f 1868 1024 2354 1023
f 1868 1023 2355 1027
f 1867 1025 2355 1023
f 1869 1026 2355 1025
f 1870 1027 2355 1026
f 1867 1022 2356 1025
f 1866 1028 2356 1022
f 1871 1029 2356 1028
f 1869 1025 2356 1029
f 1866 1021 2357 1028
f 1865 1030 2357 1021
f 1872 1031 2357 1030
f 1871 1028 2357 1031
f 1865 1024 2358 1030
f 1868 1027 2358 1024
f 1870 1032 2358 1027
f 1872 1030 2358 1032
f 1873 1033 2359 1036
f 1874 1034 2359 1033
f 1875 1035 2359 1034
f 1876 1036 2359 1035
f 1874 1037 2360 1034
f 1877 1038 2360 1037
f 1878 1039 2360 1038
f 1875 1034 2360 1039
f 1877 1040 2361 1038
f 1879 1041 2361 1040
f 1880 1042 2361 1041
f 1878 1038 2361 1042
f 1879 1043 2362 1041
f 1873 1036 2362 1043
f 1876 1044 2362 1036
f 1880 1041 2362 1044
f 1881 1045 2363 1048
f 1882 1046 2363 1045
f 1883 1047 2363 1046
f 1884 1048 2363 1047
f 1885 1049 2364 1052
f 1886 1050 2364 1049
f 1887 1051 2364 1050
f 1888 1052 2364 1051
f 1886 1053 2365 1050
f 1889 1054 2365 1053
f 1890 1055 2365 1054
f 1887 1050 2365 1055
f 1889 1056 2366 1054
f 1891 1057 2366 1056
f 1892 1058 2366 1057
f 1890 1054 2366 1058
f 1891 1059 2367 1057
f 1885 1052 2367 1059
f 1888 1060 2367 1052
f 1892 1057 2367 1060
f 1893 1061 2368 1063
f 1894 1062 2368 1061
f 1886 1049 2368 1062
f 1885 1063 2368 1049
f 1894 1064 2369 1062
f 1895 1065 2369 1064
f 1889 1053 2369 1065
f 1886 1062 2369 1053
f 1895 1066 2370 1065
f 1896 1067 2370 1066
f 1891 1056 2370 1067
f 1889 1065 2370 1056
f 1896 1068 2371 1067
f 1893 1063 2371 1068
f 1885 1059 2371 1063
f 1891 1067 2371 1059
f 1897 1069 2372 1072
f 1898 1070 2372 1069
f 1899 1071 2372 1070
f 1900 1072 2372 1071
f 1900 1071 2373 1074
f 1899 1073 2373 1071
f 1894 1061 2373 1073
f 1893 1074 2373 1061
f 1899 1070 2374 1073
f 1898 1075 2374 1070
f 1895 1064 2374 1075
f 1894 1073 2374 1064
f 1898 1069 2375 1075
f 1897 1076 2375 1069
f 1896 1066 2375 1076
f 1895 1075 2375 1066
f 1897 1072 2376 1076
f 1900 1074 2376 1072
f 1893 1068 2376 1074
f 1896 1076 2376 1068
f 1901 1077 2377 1080
f 1902 1078 2377 1077
f 1903 1079 2377 1078
f 1904 1080 2377 1079
f 1902 1081 2378 1078
f 1905 1082 2378 1081
f 1906 1083 2378 1082
f 1903 1078 2378 1083
f 1905 1084 2379 1082
f 1907 1085 2379 1084
f 1908 1086 2379 1085
f 1906 1082 2379 1086
f 1907 1087 2380 1085
f 1901 1080 2380 1087
f 1904 1088 2380 1080
f 1908 1085 2380 1088
f 1909 1089 2381 1091
f 1910 1090 2381 1089
f 1902 1077 2381 1090
f 1901 1091 2381 1077
f 1910 1092 2382 1090
f 1911 1093 2382 1092
f 1905 1081 2382 1093
f 1902 1090 2382 1081
f 1911 1094 2383 1093
f 1912 1095 2383 1094
f 1907 1084 2383 1095
f 1905 1093 2383 1084
f 1912 1096 2384 1095
f 1909 1091 2384 1096
f 1901 1087 2384 1091
f 1907 1095 2384 1087
f 1913 1097 2385 1099
f 1914 1098 2385 1097
f 1910 1089 2385 1098
f 1909 1099 2385 1089
f 1914 1100 2386 1098
f 1915 1101 2386 1100
f 1911 1092 2386 1101
f 1910 1098 2386 1092
f 1915 1102 2387 1101
f 1916 1103 2387 1102
f 1912 1094 2387 1103
f 1911 1101 2387 1094
f 1916 1104 2388 1103
f 1913 1099 2388 1104
f 1909 1096 2388 1099
f 1912 1103 2388 1096
f 1917 1105 2389 1107
f 1918 1106 2389 1105
f 1914 1097 2389 1106
f 1913 1107 2389 1097
f 1918 1108 2390 1106
f 1919 1109 2390 1108
f 1915 1100 2390 1109
f 1914 1106 2390 1100
f 1919 1110 2391 1109
f 1920 1111 2391 1110
f 1916 1102 2391 1111
f 1915 1109 2391 1102
f 1920 1112 2392 1111
f 1917 1107 2392 1112
f 1913 1104 2392 1107
f 1916 1111 2392 1104
f 1921 1113 2393 1115
f 1922 1114 2393 1113
f 1918 1105 2393 1114
f 1917 1115 2393 1105
f 1922 1116 2394 1114
f 1923 1117 2394 1116
f 1919 1108 2394 1117
f 1918 1114 2394 1108
f 1923 1118 2395 1117
f 1924 1119 2395 1118
f 1920 1110 2395 1119
f 1919 1117 2395 1110
f 1924 1120 2396 1119
f 1921 1115 2396 1120
f 1917 1112 2396 1115
f 1920 1119 2396 1112
f 1925 1121 2397 1123
f 1926 1122 2397 1121
f 1922 1113 2397 1122
f 1921 1123 2397 1113
f 1926 1124 2398 1122
f 1927 1125 2398 1124
f 1923 1116 2398 1125
f 1922 1122 2398 1116
f 1927 1126 2399 1125
f 1928 1127 2399 1126
f 1924 1118 2399 1127
f 1923 1125 2399 1118
f 1928 1128 2400 1127
f 1925 1123 2400 1128
f 1921 1120 2400 1123
f 1924 1127 2400 1120
f 1929 1129 2401 1131
f 1930 1130 2401 1129
f 1926 1121 2401 1130
f 1925 1131 2401 1121
f 1930 1132 2402 1130
f 1931 1133 2402 1132
f 1927 1124 2402 1133
f 1926 1130 2402 1124
f 1931 1134 2403 1133
f 1932 1135 2403 1134
f 1928 1126 2403 1135
f 1927 1133 2403 1126
f 1932 1136 2404 1135
f 1929 1131 2404 1136
f 1925 1128 2404 1131
f 1928 1135 2404 1128
f 1933 1137 2405 1139
f 1934 1138 2405 1137
f 1930 1129 2405 1138
f 1929 1139 2405 1129
f 1934 1140 2406 1138
f 1935 1141 2406 1140
f 1931 1132 2406 1141
f 1930 1138 2406 1132
f 1935 1142 2407 1141
f 1936 1143 2407 1142
f 1932 1134 2407 1143
f 1931 1141 2407 1134
f 1936 1144 2408 1143
f 1933 1139 2408 1144
f 1929 1136 2408 1139
f 1932 1143 2408 1136
f 1937 1145 2409 1147
f 1938 1146 2409 1145
f 1934 1137 2409 1146
f 1933 1147 2409 1137
f 1938 1148 2410 1146
f 1939 1149 2410 1148
f 1935 1140 2410 1149
f 1934 1146 2410 1140
f 1939 1150 2411 1149
f 1940 1151 2411 1150
f 1936 1142 2411 1151
f 1935 1149 2411 1142
f 1940 1152 2412 1151
f 1937 1147 2412 1152
f 1933 1144 2412 1147
f 1936 1151 2412 1144
f 1941 1153 2413 1155
f 1942 1154 2413 1153
f 1938 1145 2413 1154
f 1937 1155 2413 1145
f 1942 1156 2414 1154
f 1943 1157 2414 1156
f 1939 1148 2414 1157
f 1938 1154 2414 1148
f 1943 1158 2415 1157
f 1944 1159 2415 1158
f 1940 1150 2415 1159
f 1939 1157 2415 1150
f 1944 1160 2416 1159
f 1941 1155 2416 1160
f 1937 1152 2416 1155
f 1940 1159 2416 1152
f 1945 1161 2417 1163
f 1946 1162 2417 1161
f 1942 1153 2417 1162
f 1941 1163 2417 1153
f 1946 1164 2418 1162
f 1947 1165 2418 1164
f 1943 1156 2418 1165
f 1942 1162 2418 1156
f 1947 1166 2419 1165
f 1948 1167 2419 1166
f 1944 1158 2419 1167
f 1943 1165 2419 1158
f 1948 1168 2420 1167
f 1945 1163 2420 1168
f 1941 1160 2420 1163
f 1944 1167 2420 1160
f 1949 1169 2421 1172
f 1950 1170 2421 1169
f 1951 1171 2421 1170
f 1952 1172 2421 1171
f 1952 1171 2422 1174
f 1951 1173 2422 1171
f 1946 1161 2422 1173
f 1945 1174 2422 1161
f 1951 1170 2423 1173
f 1950 1175 2423 1170
f 1947 1164 2423 1175
f 1946 1173 2423 1164
f 1950 1169 2424 1175
f 1949 1176 2424 1169
f 1948 1166 2424 1176
f 1947 1175 2424 1166
f 1949 1172 2425 1176
f 1952 1174 2425 1172
f 1945 1168 2425 1174
f 1948 1176 2425 1168
f 1953 1177 2426 1179
f 1954 1178 2426 1177
f 1618 565 2426 1178
f 1617 1179 2426 565
f 1954 1180 2427 1178
f 1955 1181 2427 1180
f 1619 568 2427 1181
f 1618 1178 2427 568
f 1955 1182 2428 1181
f 1956 1183 2428 1182
f 1620 570 2428 1183
f 1619 1181 2428 570
f 1956 1184 2429 1183
f 1953 1179 2429 1184
f 1617 572 2429 1179
f 1620 1183 2429 572
f 1957 1185 2430 1187
f 1958 1186 2430 1185
f 1955 1180 2430 1186
f 1954 1187 2430 1180
f 1958 1188 2431 1186
f 1959 1189 2431 1188
f 1956 1182 2431 1189
f 1955 1186 2431 1182
f 1959 1190 2432 1189
f 1960 1191 2432 1190
f 1953 1184 2432 1191
f 1956 1189 2432 1184
f 1961 1192 2433 1194
f 1962 1193 2433 1192
f 1954 1177 2433 1193
f 1953 1194 2433 1177
f 1962 1195 2434 1193
f 1963 1196 2434 1195
f 1957 1187 2434 1196
f 1954 1193 2434 1187
f 1963 1196 2435 1199
f 1957 1197 2435 1196
f 1960 1198 2435 1197
f 1964 1199 2435 1198
f 1964 1200 2436 1198
f 1961 1194 2436 1200
f 1953 1191 2436 1194
f 1960 1198 2436 1191
f 1636 595 2437 1202
f 1635 1201 2437 595
f 1957 1197 2437 1201
f 1960 1202 2437 1197
f 1635 599 2438 1201
f 1638 1203 2438 599
f 1958 1185 2438 1203
f 1957 1201 2438 1185
f 1638 602 2439 1203
f 1640 1204 2439 602
f 1959 1188 2439 1204
f 1958 1203 2439 1188
f 1640 604 2440 1204
f 1636 1202 2440 604
f 1960 1190 2440 1202
f 1959 1204 2440 1190
f 1624 575 2441 1206
f 1623 1205 2441 575
f 1962 1192 2441 1205
f 1961 1206 2441 1192
f 1623 579 2442 1205
f 1626 1207 2442 579
f 1963 1195 2442 1207
f 1962 1205 2442 1195
f 1626 582 2443 1207
f 1628 1208 2443 582
f 1964 1199 2443 1208
f 1963 1207 2443 1199
f 1628 584 2444 1208
f 1624 1206 2444 584
f 1961 1200 2444 1206
f 1964 1208 2444 1200
f 1965 1209 2445 1211
f 1966 1210 2445 1209
f 1722 753 2445 1210
f 1721 1211 2445 753
f 1966 1212 2446 1210
f 1967 1213 2446 1212
f 1723 756 2446 1213
f 1722 1210 2446 756
f 1967 1214 2447 1213
f 1968 1215 2447 1214
f 1724 758 2447 1215
f 1723 1213 2447 758
f 1968 1216 2448 1215
f 1965 1211 2448 1216
f 1721 760 2448 1211
f 1724 1215 2448 760
f 1969 1217 2449 1219
f 1970 1218 2449 1217
f 1966 1209 2449 1218
f 1965 1219 2449 1209
f 1970 1220 2450 1218
f 1971 1221 2450 1220
f 1967 1212 2450 1221
f 1966 1218 2450 1212
f 1971 1222 2451 1221
f 1972 1223 2451 1222
f 1968 1214 2451 1223
f 1967 1221 2451 1214
f 1973 1224 2452 1226
f 1974 1225 2452 1224
f 1965 1216 2452 1225
f 1968 1226 2452 1216
f 1974 1227 2453 1225
f 1975 1228 2453 1227
f 1969 1219 2453 1228
f 1965 1225 2453 1219
f 1975 1229 2454 1228
f 1976 1230 2454 1229
f 1972 1231 2454 1230
f 1969 1228 2454 1231
f 1976 1232 2455 1230
f 1973 1226 2455 1232
f 1968 1223 2455 1226
f 1972 1230 2455 1223
f 1728 763 2456 1234
f 1727 1233 2456 763
f 1970 1217 2456 1233
f 1969 1234 2456 1217
f 1727 767 2457 1233
f 1730 1235 2457 767
f 1971 1220 2457 1235
f 1970 1233 2457 1220
f 1730 770 2458 1235
f 1732 1236 2458 770
f 1972 1222 2458 1236
f 1971 1235 2458 1222
f 1732 772 2459 1236
f 1728 1234 2459 772
f 1969 1231 2459 1234
f 1972 1236 2459 1231
f 1744 791 2460 1238
f 1743 1237 2460 791
f 1976 1229 2460 1237
f 1975 1238 2460 1229
f 1743 795 2461 1237
f 1746 1239 2461 795
f 1973 1232 2461 1239
f 1976 1237 2461 1232
f 1746 798 2462 1239
f 1748 1240 2462 798
f 1974 1224 2462 1240
f 1973 1239 2462 1224
f 1748 800 2463 1240
f 1744 1238 2463 800
f 1975 1227 2463 1238
f 1974 1240 2463 1227
f 1977 1241 2464 1243
f 1978 1242 2464 1241
f 1750 801 2464 1242
f 1749 1243 2464 801
f 1978 1244 2465 1242
f 1979 1245 2465 1244
f 1751 804 2465 1245
f 1750 1242 2465 804
f 1979 1246 2466 1245
f 1980 1247 2466 1246
f 1752 806 2466 1247
f 1751 1245 2466 806
f 1980 1248 2467 1247
f 1977 1243 2467 1248
f 1749 808 2467 1243
f 1752 1247 2467 808
f 1981 1249 2468 1251
f 1982 1250 2468 1249
f 1979 1244 2468 1250
f 1978 1251 2468 1244
f 1982 1252 2469 1250
f 1983 1253 2469 1252
f 1980 1246 2469 1253
f 1979 1250 2469 1246
f 1983 1254 2470 1253
f 1984 1255 2470 1254
f 1977 1248 2470 1255
f 1980 1253 2470 1248
f 1985 1256 2471 1258
f 1977 1241 2471 1256
f 1978 1257 2471 1241
f 1986 1258 2471 1257
f 1986 1259 2472 1257
f 1987 1260 2472 1259
f 1981 1251 2472 1260
f 1978 1257 2472 1251
f 1987 1261 2473 1260
f 1988 1262 2473 1261
f 1984 1263 2473 1262
f 1981 1260 2473 1263
f 1988 1262 2474 1264
f 1984 1255 2474 1262
f 1977 1256 2474 1255
f 1985 1264 2474 1256
f 1800 895 2475 1266
f 1799 1265 2475 895
f 1981 1263 2475 1265
f 1984 1266 2475 1263
f 1799 899 2476 1265
f 1802 1267 2476 899
f 1982 1249 2476 1267
f 1981 1265 2476 1249
f 1802 902 2477 1267
f 1804 1268 2477 902
f 1983 1252 2477 1268
f 1982 1267 2477 1252
f 1804 904 2478 1268
f 1800 1266 2478 904
f 1984 1254 2478 1266
f 1983 1268 2478 1254
f 1756 811 2479 1270
f 1755 1269 2479 811
f 1986 1258 2479 1269
f 1985 1270 2479 1258
f 1755 815 2480 1269
f 1758 1271 2480 815
f 1987 1259 2480 1271
f 1986 1269 2480 1259
f 1758 818 2481 1271
f 1760 1272 2481 818
f 1988 1261 2481 1272
f 1987 1271 2481 1261
f 1760 820 2482 1272
f 1756 1270 2482 820
f 1985 1264 2482 1270
f 1988 1272 2482 1264
f 1989 1273 2483 1275
f 1990 1274 2483 1273
f 1862 1013 2483 1274
f 1861 1275 2483 1013
f 1990 1276 2484 1274
f 1991 1277 2484 1276
f 1863 1016 2484 1277
f 1862 1274 2484 1016
f 1991 1278 2485 1277
f 1992 1279 2485 1278
f 1864 1018 2485 1279
f 1863 1277 2485 1018
f 1992 1280 2486 1279
f 1989 1275 2486 1280
f 1861 1020 2486 1275
f 1864 1279 2486 1020
f 1993 1281 2487 1283
f 1994 1282 2487 1281
f 1990 1273 2487 1282
f 1989 1283 2487 1273
f 1994 1284 2488 1282
f 1995 1285 2488 1284
f 1991 1276 2488 1285
f 1990 1282 2488 1276
f 1996 1286 2489 1287
f 1993 1283 2489 1286
f 1989 1280 2489 1283
f 1992 1287 2489 1280
f 1997 1288 2490 1290
f 1998 1289 2490 1288
f 1992 1278 2490 1289
f 1991 1290 2490 1278
f 1998 1291 2491 1289
f 1999 1292 2491 1291
f 1996 1287 2491 1292
f 1992 1289 2491 1287
f 1999 1292 2492 1295
f 1996 1293 2492 1292
f 1995 1294 2492 1293
f 2000 1295 2492 1294
f 2000 1294 2493 1296
f 1995 1285 2493 1294
f 1991 1290 2493 1285
f 1997 1296 2493 1290
f 1870 1026 2494 1298
f 1869 1297 2494 1026
f 1994 1281 2494 1297
f 1993 1298 2494 1281
f 1869 1029 2495 1297
f 1871 1299 2495 1029
f 1995 1284 2495 1299
f 1994 1297 2495 1284
f 1871 1031 2496 1299
f 1872 1300 2496 1031
f 1996 1293 2496 1300
f 1995 1299 2496 1293
f 1872 1032 2497 1300
f 1870 1298 2497 1032
f 1993 1286 2497 1298
f 1996 1300 2497 1286
f 1876 1035 2498 1302
f 1875 1301 2498 1035
f 2000 1295 2498 1301
f 1999 1302 2498 1295
f 1875 1039 2499 1301
f 1878 1303 2499 1039
f 1997 1296 2499 1303
f 2000 1301 2499 1296
f 1878 1042 2500 1303
f 1880 1304 2500 1042
f 1998 1288 2500 1304
f 1997 1303 2500 1288
f 1880 1044 2501 1304
f 1876 1302 2501 1044
f 1999 1291 2501 1302
f 1998 1304 2501 1291
f 2001 1305 2502 1307
f 2002 1306 2502 1305
f 1874 1033 2502 1306
f 1873 1307 2502 1033
f 2002 1308 2503 1306
f 2003 1309 2503 1308
f 1877 1037 2503 1309
f 1874 1306 2503 1037
f 2003 1310 2504 1309
f 2004 1311 2504 1310
f 1879 1040 2504 1311
f 1877 1309 2504 1040
f 2004 1312 2505 1311
f 2001 1307 2505 1312
f 1873 1043 2505 1307
f 1879 1311 2505 1043
f 2005 1313 2506 1315
f 2006 1314 2506 1313
f 2002 1305 2506 1314
f 2001 1315 2506 1305
f 2006 1316 2507 1314
f 2007 1317 2507 1316
f 2003 1308 2507 1317
f 2002 1314 2507 1308
f 2008 1318 2508 1319
f 2005 1315 2508 1318
f 2001 1312 2508 1315
f 2004 1319 2508 1312
f 2009 1320 2509 1322
f 2010 1321 2509 1320
f 2004 1310 2509 1321
f 2003 1322 2509 1310
f 2010 1323 2510 1321
f 2011 1324 2510 1323
f 2008 1319 2510 1324
f 2004 1321 2510 1319
f 2011 1325 2511 1324
f 2012 1326 2511 1325
f 2007 1327 2511 1326
f 2008 1324 2511 1327
f 2012 1326 2512 1328
f 2007 1317 2512 1326
f 2003 1322 2512 1317
f 2009 1328 2512 1322
f 1884 1047 2513 1330
f 1883 1329 2513 1047
f 2006 1313 2513 1329
f 2005 1330 2513 1313
f 1883 1046 2514 1329
f 1882 1331 2514 1046
f 2007 1316 2514 1331
f 2006 1329 2514 1316
f 1882 1045 2515 1331
f 1881 1332 2515 1045
f 2008 1327 2515 1332
f 2007 1331 2515 1327
f 1881 1048 2516 1332
f 1884 1330 2516 1048
f 2005 1318 2516 1330
f 2008 1332 2516 1318
f 1888 1051 2517 1334
f 1887 1333 2517 1051
f 2009 1328 2517 1333
f 2012 1334 2517 1328
f 1887 1055 2518 1333
f 1890 1335 2518 1055
f 2010 1320 2518 1335
f 2009 1333 2518 1320
f 1890 1058 2519 1335
f 1892 1336 2519 1058
f 2011 1323 2519 1336
f 2010 1335 2519 1323
f 1892 1060 2520 1336
f 1888 1334 2520 1060
f 2012 1325 2520 1334
f 2011 1336 2520 1325
f 1604 539 2521 1339
f 1603 1337 2521 539
f 2013 1338 2521 1337
f 2014 1339 2521 1338
f 1603 543 2522 1337
f 1606 1340 2522 543
f 2015 1341 2522 1340
f 2013 1337 2522 1341
f 1606 546 2523 1340
f 1608 1342 2523 546
f 2016 1343 2523 1342
f 2015 1340 2523 1343
f 1608 548 2524 1342
f 1604 1339 2524 548
f 2014 1344 2524 1339
f 2016 1342 2524 1344
f 1648 615 2525 1347
f 1647 1345 2525 615
f 2017 1346 2525 1345
f 2018 1347 2525 1346
f 1647 619 2526 1345
f 1650 1348 2526 619
f 2019 1349 2526 1348
f 2017 1345 2526 1349
f 1650 622 2527 1348
f 1652 1350 2527 622
f 2020 1351 2527 1350
f 2019 1348 2527 1351
f 1652 624 2528 1350
f 1648 1347 2528 624
f 2018 1352 2528 1347
f 2020 1350 2528 1352
f 1696 707 2529 1355
f 1695 1353 2529 707
f 2021 1354 2529 1353
f 2022 1355 2529 1354
f 1695 711 2530 1353
f 1698 1356 2530 711
f 2023 1357 2530 1356
f 2021 1353 2530 1357
f 1698 714 2531 1356
f 1700 1358 2531 714
f 2024 1359 2531 1358
f 2023 1356 2531 1359
f 1700 716 2532 1358
f 1696 1355 2532 716
f 2022 1360 2532 1355
f 2024 1358 2532 1360
f 1712 735 2533 1362
f 1711 1361 2533 735
f 2019 1351 2533 1361
f 2020 1362 2533 1351
f 1711 739 2534 1361
f 1714 1363 2534 739
f 2023 1364 2534 1363
f 2019 1361 2534 1364
f 1714 742 2535 1363
f 1716 1365 2535 742
f 2021 1357 2535 1365
f 2023 1363 2535 1357
f 1716 744 2536 1365
f 1712 1362 2536 744
f 2020 1366 2536 1362
f 2021 1365 2536 1366
f 1848 987 2537 1369
f 1847 1367 2537 987
f 2025 1368 2537 1367
f 2026 1369 2537 1368
f 1847 991 2538 1367
f 1850 1370 2538 991
f 2027 1371 2538 1370
f 2025 1367 2538 1371
f 1850 994 2539 1370
f 1852 1372 2539 994
f 2028 1373 2539 1372
f 2027 1370 2539 1373
f 1852 996 2540 1372
f 1848 1369 2540 996
f 2026 1374 2540 1369
f 2028 1372 2540 1374
f 1904 1079 2541 1377
f 1903 1375 2541 1079
f 2029 1376 2541 1375
f 2030 1377 2541 1376
f 1903 1083 2542 1375
f 1906 1378 2542 1083
f 2031 1379 2542 1378
f 2029 1375 2542 1379
f 1906 1086 2543 1378
f 1908 1380 2543 1086
f 2013 1381 2543 1380
f 2031 1378 2543 1381
f 1908 1088 2544 1380
f 1904 1377 2544 1088
f 2030 1382 2544 1377
f 2013 1380 2544 1382
f 2032 1383 2545 1386
f 2033 1384 2545 1383
f 2034 1385 2545 1384
f 2035 1386 2545 1385
f 2035 1385 2546 1389
f 2034 1387 2546 1385
f 2036 1388 2546 1387
f 2037 1389 2546 1388
f 2037 1388 2547 1392
f 2036 1390 2547 1388
f 2038 1391 2547 1390
f 2039 1392 2547 1391
f 2039 1391 2548 1395
f 2038 1393 2548 1391
f 2040 1394 2548 1393
f 2041 1395 2548 1394
f 2041 1394 2549 1398
f 2040 1396 2549 1394
f 2042 1397 2549 1396
f 2043 1398 2549 1397
f 2043 1397 2550 1401
f 2042 1399 2550 1397
f 2044 1400 2550 1399
f 2045 1401 2550 1400
f 2045 1400 2551 1404
f 2044 1402 2551 1400
f 2046 1403 2551 1402
f 2047 1404 2551 1403
f 2047 1403 2552 1406
f 2046 1405 2552 1403
f 2015 1343 2552 1405
f 2016 1406 2552 1343
f 2014 1338 2553 1408
f 2013 1382 2553 1338
f 2030 1407 2553 1382
f 2048 1408 2553 1407
f 2048 1407 2554 1411
f 2030 1409 2554 1407
f 2049 1410 2554 1409
f 2050 1411 2554 1410
f 2050 1410 2555 1414
f 2049 1412 2555 1410
f 2051 1413 2555 1412
f 2052 1414 2555 1413
f 2052 1413 2556 1417
f 2051 1415 2556 1413
f 2053 1416 2556 1415
f 2054 1417 2556 1416
f 2054 1416 2557 1420
f 2053 1418 2557 1416
f 2055 1419 2557 1418
f 2056 1420 2557 1419
f 2056 1419 2558 1423
f 2055 1421 2558 1419
f 2057 1422 2558 1421
f 2058 1423 2558 1422
f 2058 1422 2559 1425
f 2057 1424 2559 1422
f 2033 1383 2559 1424
f 2032 1425 2559 1383
f 2033 1426 2560 1384
f 2059 1427 2560 1426
f 2060 1428 2560 1427
f 2034 1384 2560 1428
f 2034 1428 2561 1387
f 2060 1429 2561 1428
f 2061 1430 2561 1429
f 2036 1387 2561 1430
f 2036 1430 2562 1390
f 2061 1431 2562 1430
f 2062 1432 2562 1431
f 2038 1390 2562 1432
f 2038 1432 2563 1393
f 2062 1433 2563 1432
f 2063 1434 2563 1433
f 2040 1393 2563 1434
f 2040 1434 2564 1396
f 2063 1435 2564 1434
f 2064 1436 2564 1435
f 2042 1396 2564 1436
f 2042 1436 2565 1399
f 2064 1437 2565 1436
f 2065 1438 2565 1437
f 2044 1399 2565 1438
f 2044 1438 2566 1402
f 2065 1439 2566 1438
f 2066 1440 2566 1439
f 2046 1402 2566 1440
f 2046 1440 2567 1405
f 2066 1441 2567 1440
f 2067 1442 2567 1441
f 2015 1405 2567 1442
f 2015 1442 2568 1341
f 2067 1443 2568 1442
f 2031 1381 2568 1443
f 2013 1341 2568 1381
f 2030 1376 2569 1409
f 2029 1444 2569 1376
f 2068 1445 2569 1444
f 2049 1409 2569 1445
f 2049 1445 2570 1412
f 2068 1446 2570 1445
f 2069 1447 2570 1446
f 2051 1412 2570 1447
f 2051 1447 2571 1415
f 2069 1448 2571 1447
f 2070 1449 2571 1448
f 2053 1415 2571 1449
f 2053 1449 2572 1418
f 2070 1450 2572 1449
f 2071 1451 2572 1450
f 2055 1418 2572 1451
f 2055 1451 2573 1421
f 2071 1452 2573 1451
f 2072 1453 2573 1452
f 2057 1421 2573 1453
f 2057 1453 2574 1424
f 2072 1454 2574 1453
f 2059 1426 2574 1454
f 2033 1424 2574 1426
f 2059 1455 2575 1427
f 2073 1456 2575 1455
f 2074 1457 2575 1456
f 2060 1427 2575 1457
f 2060 1457 2576 1429
f 2074 1458 2576 1457
f 2027 1459 2576 1458
f 2061 1429 2576 1459
f 2061 1459 2577 1431
f 2027 1373 2577 1459
f 2028 1460 2577 1373
f 2062 1431 2577 1460
f 2062 1460 2578 1433
f 2028 1461 2578 1460
f 2075 1462 2578 1461
f 2063 1433 2578 1462
f 2063 1462 2579 1435
f 2075 1463 2579 1462
f 2076 1464 2579 1463
f 2064 1435 2579 1464
f 2064 1464 2580 1437
f 2076 1465 2580 1464
f 2077 1466 2580 1465
f 2065 1437 2580 1466
f 2065 1466 2581 1439
f 2077 1467 2581 1466
f 2078 1468 2581 1467
f 2066 1439 2581 1468
f 2066 1468 2582 1441
f 2078 1469 2582 1468
f 2079 1470 2582 1469
f 2067 1441 2582 1470
f 2067 1470 2583 1443
f 2079 1471 2583 1470
f 2080 1472 2583 1471
f 2031 1443 2583 1472
f 2031 1472 2584 1379
f 2080 1473 2584 1472
f 2081 1474 2584 1473
f 2029 1379 2584 1474
f 2029 1474 2585 1444
f 2081 1475 2585 1474
f 2082 1476 2585 1475
f 2068 1444 2585 1476
f 2068 1476 2586 1446
f 2082 1477 2586 1476
f 2083 1478 2586 1477
f 2069 1446 2586 1478
f 2069 1478 2587 1448
f 2083 1479 2587 1478
f 2084 1480 2587 1479
f 2070 1448 2587 1480
f 2070 1480 2588 1450
f 2084 1481 2588 1480
f 2085 1482 2588 1481
f 2071 1450 2588 1482
f 2071 1482 2589 1452
f 2085 1483 2589 1482
f 2086 1484 2589 1483
f 2072 1452 2589 1484
f 2072 1484 2590 1454
f 2086 1485 2590 1484
f 2073 1455 2590 1485
f 2059 1454 2590 1455
f 2073 1486 2591 1456
f 2023 1359 2591 1486
f 2024 1487 2591 1359
f 2074 1456 2591 1487
f 2074 1487 2592 1458
f 2024 1488 2592 1487
f 2025 1371 2592 1488
f 2027 1458 2592 1371
f 2028 1374 2593 1461
f 2026 1489 2593 1374
f 2087 1490 2593 1489
f 2075 1461 2593 1490
f 2075 1490 2594 1463
f 2087 1491 2594 1490
f 2088 1492 2594 1491
f 2076 1463 2594 1492
f 2076 1492 2595 1465
f 2088 1493 2595 1492
f 2089 1494 2595 1493
f 2077 1465 2595 1494
f 2077 1494 2596 1467
f 2089 1495 2596 1494
f 2090 1496 2596 1495
f 2078 1467 2596 1496
f 2078 1496 2597 1469
f 2090 1497 2597 1496
f 2091 1498 2597 1497
f 2079 1469 2597 1498
f 2079 1498 2598 1471
f 2091 1499 2598 1498
f 2092 1500 2598 1499
f 2080 1471 2598 1500
f 2080 1500 2599 1473
f 2092 1501 2599 1500
f 2093 1502 2599 1501
f 2081 1473 2599 1502
f 2081 1502 2600 1475
f 2093 1503 2600 1502
f 2094 1504 2600 1503
f 2082 1475 2600 1504
f 2082 1504 2601 1477
f 2094 1505 2601 1504
f 2095 1506 2601 1505
f 2083 1477 2601 1506
f 2083 1506 2602 1479
f 2095 1507 2602 1506
f 2096 1508 2602 1507
f 2084 1479 2602 1508
f 2084 1508 2603 1481
f 2096 1509 2603 1508
f 2017 1510 2603 1509
f 2085 1481 2603 1510
f 2085 1510 2604 1483
f 2017 1349 2604 1510
f 2019 1511 2604 1349
f 2086 1483 2604 1511
f 2086 1511 2605 1485
f 2019 1364 2605 1511
f 2023 1486 2605 1364
f 2073 1485 2605 1486
f 2024 1360 2606 1488
f 2022 1512 2606 1360
f 2097 1513 2606 1512
f 2025 1488 2606 1513
f 2025 1513 2607 1368
f 2097 1514 2607 1513
f 2098 1515 2607 1514
f 2026 1368 2607 1515
f 2026 1515 2608 1489
f 2098 1516 2608 1515
f 2099 1517 2608 1516
f 2087 1489 2608 1517
f 2087 1517 2609 1491
f 2099 1518 2609 1517
f 2100 1519 2609 1518
f 2088 1491 2609 1519
f 2088 1519 2610 1493
f 2100 1520 2610 1519
f 2101 1521 2610 1520
f 2089 1493 2610 1521
f 2089 1521 2611 1495
f 2101 1522 2611 1521
f 2102 1523 2611 1522
f 2090 1495 2611 1523
f 2090 1523 2612 1497
f 2102 1524 2612 1523
f 2103 1525 2612 1524
f 2091 1497 2612 1525
f 2091 1525 2613 1499
f 2103 1526 2613 1525
f 2104 1527 2613 1526
f 2092 1499 2613 1527
f 2092 1527 2614 1501
f 2104 1528 2614 1527
f 2105 1529 2614 1528
f 2093 1501 2614 1529
f 2093 1529 2615 1503
f 2105 1530 2615 1529
f 2106 1531 2615 1530
f 2094 1503 2615 1531
f 2094 1531 2616 1505
f 2106 1532 2616 1531
f 2107 1533 2616 1532
f 2095 1505 2616 1533
f 2095 1533 2617 1507
f 2107 1534 2617 1533
f 2108 1535 2617 1534
f 2096 1507 2617 1535
f 2096 1535 2618 1509
f 2108 1536 2618 1535
f 2018 1346 2618 1536
f 2017 1509 2618 1346
f 2021 1537 2619 1354
f 2109 1538 2619 1537
f 2110 1539 2619 1538
f 2022 1354 2619 1539
f 2022 1539 2620 1512
f 2110 1540 2620 1539
f 2111 1541 2620 1540
f 2097 1512 2620 1541
f 2097 1541 2621 1514
f 2111 1542 2621 1541
f 2112 1543 2621 1542
f 2098 1514 2621 1543
f 2098 1543 2622 1516
f 2112 1544 2622 1543
f 2113 1545 2622 1544
f 2099 1516 2622 1545
f 2099 1545 2623 1518
f 2113 1546 2623 1545
f 2114 1547 2623 1546
f 2100 1518 2623 1547
f 2100 1547 2624 1520
f 2114 1548 2624 1547
f 2115 1549 2624 1548
f 2101 1520 2624 1549
f 2101 1549 2625 1522
f 2115 1550 2625 1549
f 2116 1551 2625 1550
f 2102 1522 2625 1551
f 2102 1551 2626 1524
f 2116 1552 2626 1551
f 2117 1553 2626 1552
f 2103 1524 2626 1553
f 2103 1553 2627 1526
f 2117 1554 2627 1553
f 2118 1555 2627 1554
f 2104 1526 2627 1555
f 2104 1555 2628 1528
f 2118 1556 2628 1555
f 2119 1557 2628 1556
f 2105 1528 2628 1557
f 2105 1557 2629 1530
f 2119 1558 2629 1557
f 2120 1559 2629 1558
f 2106 1530 2629 1559
f 2106 1559 2630 1532
f 2120 1560 2630 1559
f 2121 1561 2630 1560
f 2107 1532 2630 1561
f 2107 1561 2631 1534
f 2121 1562 2631 1561
f 2122 1563 2631 1562
f 2108 1534 2631 1563
f 2108 1563 2632 1536
f 2122 1564 2632 1563
f 2123 1565 2632 1564
f 2018 1536 2632 1565
f 2018 1565 2633 1352
f 2123 1566 2633 1565
f 2124 1567 2633 1566
f 2020 1352 2633 1567
f 2020 1567 2634 1366
f 2124 1568 2634 1567
f 2109 1537 2634 1568
f 2021 1366 2634 1537
f 2125 1569 2635 1570
f 2032 1386 2635 1569
f 2035 1570 2635 1386
f 2125 1570 2636 1571
f 2035 1389 2636 1570
f 2037 1571 2636 1389
f 2125 1571 2637 1572
f 2037 1392 2637 1571
f 2039 1572 2637 1392
f 2125 1572 2638 1573
f 2039 1395 2638 1572
f 2041 1573 2638 1395
f 2125 1573 2639 1574
f 2041 1398 2639 1573
f 2043 1574 2639 1398
f 2125 1574 2640 1575
f 2043 1401 2640 1574
f 2045 1575 2640 1401
f 2125 1575 2641 1576
f 2045 1404 2641 1575
f 2047 1576 2641 1404
f 2125 1576 2642 1577
f 2047 1406 2642 1576
f 2016 1577 2642 1406
f 2125 1577 2643 1578
f 2016 1344 2643 1577
f 2014 1578 2643 1344
f 2125 1578 2644 1579
f 2014 1408 2644 1578
f 2048 1579 2644 1408
f 2125 1579 2645 1580
f 2048 1411 2645 1579
f 2050 1580 2645 1411
f 2125 1580 2646 1581
f 2050 1414 2646 1580
f 2052 1581 2646 1414
f 2125 1581 2647 1582
f 2052 1417 2647 1581
f 2054 1582 2647 1417
f 2125 1582 2648 1583
f 2054 1420 2648 1582
f 2056 1583 2648 1420
f 2125 1583 2649 1584
f 2056 1423 2649 1583
f 2058 1584 2649 1423
f 2125 1584 2650 1569
f 2058 1425 2650 1584
f 2032 1569 2650 1425
f 2109 1585 2651 1538
f 2126 1586 2651 1585
f 2110 1538 2651 1586
f 2110 1586 2652 1540
f 2126 1587 2652 1586
f 2111 1540 2652 1587
f 2111 1587 2653 1542
f 2126 1588 2653 1587
f 2112 1542 2653 1588
f 2112 1588 2654 1544
f 2126 1589 2654 1588
f 2113 1544 2654 1589
f 2113 1589 2655 1546
f 2126 1590 2655 1589
f 2114 1546 2655 1590
f 2114 1590 2656 1548
f 2126 1591 2656 1590
f 2115 1548 2656 1591
f 2115 1591 2657 1550
f 2126 1592 2657 1591
f 2116 1550 2657 1592
f 2116 1592 2658 1552
f 2126 1593 2658 1592
f 2117 1552 2658 1593
f 2117 1593 2659 1554
f 2126 1594 2659 1593
f 2118 1554 2659 1594
f 2118 1594 2660 1556
f 2126 1595 2660 1594
f 2119 1556 2660 1595
f 2119 1595 2661 1558
f 2126 1596 2661 1595
f 2120 1558 2661 1596
f 2120 1596 2662 1560
f 2126 1597 2662 1596
f 2121 1560 2662 1597
f 2121 1597 2663 1562
f 2126 1598 2663 1597
f 2122 1562 2663 1598
f 2122 1598 2664 1564
f 2126 1599 2664 1598
f 2123 1564 2664 1599
f 2123 1599 2665 1566
f 2126 1600 2665 1599
f 2124 1566 2665 1600
f 2124 1600 2666 1568
f 2126 1585 2666 1600
f 2109 1568 2666 1585
